sample_id,real_case_id,correspondence_csv_exists,num_rows,num_positive,num_negative,positive_rate,label_threshold_m,max_corr_distance_m,label_mismatch_count,label_mismatch_rate,candidate_above_max_corr_count,candidate_above_max_corr_rate,label_distance_min,label_distance_median,label_distance_mean,label_distance_p90,label_distance_max,distance_T0_min,distance_T0_median,distance_T0_mean,distance_T0_p90,distance_T0_max,point_to_plane_residual_min,point_to_plane_residual_median,point_to_plane_residual_mean,point_to_plane_residual_p90,point_to_plane_residual_max,normal_dot_abs_min,normal_dot_abs_median,normal_dot_abs_mean,normal_dot_abs_p90,normal_dot_abs_max,fpfh_distance_min,fpfh_distance_median,fpfh_distance_mean,fpfh_distance_p90,fpfh_distance_max,log_normalized_density_ratio_min,log_normalized_density_ratio_median,log_normalized_density_ratio_mean,log_normalized_density_ratio_p90,log_normalized_density_ratio_max,is_mutual_nn_min,is_mutual_nn_median,is_mutual_nn_mean,is_mutual_nn_p90,is_mutual_nn_max,distance_T0_positive_mean,distance_T0_negative_mean,distance_T0_positive_minus_negative_mean,point_to_plane_residual_positive_mean,point_to_plane_residual_negative_mean,point_to_plane_residual_positive_minus_negative_mean,normal_dot_abs_positive_mean,normal_dot_abs_negative_mean,normal_dot_abs_positive_minus_negative_mean,fpfh_distance_positive_mean,fpfh_distance_negative_mean,fpfh_distance_positive_minus_negative_mean,log_normalized_density_ratio_positive_mean,log_normalized_density_ratio_negative_mean,log_normalized_density_ratio_positive_minus_negative_mean,is_mutual_nn_positive_mean,is_mutual_nn_negative_mean,is_mutual_nn_positive_minus_negative_mean
real_20260626_143302_palletizer_005_part_2_refined_from_voxel005_easy,20260626_143302_palletizer_005_part_2_refined_from_voxel005,True,2000,242,1758,0.121,0.1,0.4,0,0.0,0,0.0,0.0154359176296993,0.1859574922245657,0.181284169970247,0.25650245218650053,0.5163678165872284,0.0034899579179733,0.0806085199198842,0.10210538422785352,0.2015980989036063,0.3844141671356028,2.440706978840297e-05,0.04155977610593195,0.057762411392917885,0.12621435584065732,0.3264847392706383,0.0008820562905781,0.5707973211203607,0.5593008737303485,0.9706356953232186,0.999945756678907,25.85651502871181,74.53994392391165,85.00814500318866,135.12516098640867,248.7108423670572,-1.7376511723154529,0.4069752180534813,0.48630147797998496,1.497323820083306,3.6708365852871863,0.0,0.0,0.125,1.0,1.0,0.16568116603722727,0.09335376921200116,0.07232739682522611,0.08358650914389482,0.05420755834642389,0.029378950797470924,0.6816512401078338,0.5424585593598413,0.13919268074799251,105.76478348392777,82.15086029764892,23.613923186278853,0.5202279775793951,0.48163127723876925,0.038596700340625845,0.012396694214876033,0.14050056882821388,-0.12810387461333783
real_20260626_144015_pallet_rack_05_part1_refined_from_voxel005_easy,20260626_144015_pallet_rack_05_part1_refined_from_voxel005,True,1353,258,1095,0.19068736141906872,0.1,0.4,0,0.0,0,0.0,0.0037958936754259,0.1337463353052382,0.13450693059556346,0.18648940168599953,0.2910120916259426,0.0047167017053862,0.0610940815486983,0.0691394468555003,0.1240282758349872,0.2216487640483102,3.647569592565847e-05,0.0269177611633891,0.036757241219777095,0.08492417734845979,0.1669794314192663,0.0044637941703312,0.7721430146304276,0.6844341635683994,0.9920030931051182,0.9998370426609144,35.33405591788706,91.2173458510628,101.69416676328376,163.75714359631465,248.5673870269503,-1.0754282614218946,0.1473246234327142,0.20239403731407407,0.9136886433579132,1.9793511884174004,0.0,0.0,0.1958610495195861,1.0,1.0,0.09561653626430429,0.06290100935096021,0.032715526913344076,0.057728215391495086,0.03181613497657779,0.0259120804149173,0.6304454745124988,0.697154786195269,-0.06670931168277028,114.16360065485588,98.75616316143389,15.407437493421995,0.1454049568573975,0.21582160147646912,-0.07041664461907163,0.06589147286821706,0.2264840182648402,-0.16059254539662313
real_20260626_155755_pallet_rack_cluster021_ransac_icp_voxel005_easy,20260626_155755_pallet_rack_cluster021_ransac_icp_voxel005,True,1353,658,695,0.48632668144863267,0.1,0.4,0,0.0,0,0.0,0.0119121198739471,0.1015868610797779,0.10214705264951551,0.1455576328053802,0.2686623574376012,0.0031575868458076,0.0676962568927925,0.07889607903936596,0.14777984696618526,0.2499240269042931,6.407893779602407e-05,0.0430314547018478,0.054958313608420795,0.12191833538707456,0.1915788875844085,0.0012992293834706,0.8706419817158992,0.7255393558204353,0.9916606559602656,0.9999833550227598,34.16266099006492,101.8645192424162,104.05827091621333,139.73421454800402,212.8133150941709,-1.347072167968474,0.1670539028451825,0.1565983373330147,0.7123176768637502,2.0853648926674606,0.0,0.0,0.19216555801921656,1.0,1.0,0.08660612046614914,0.07159650024969211,0.015009620216457034,0.06923480932370787,0.04144186154991879,0.027792947773789087,0.7777213933677922,0.6761353548043764,0.10158603856341586,103.52319100665945,104.56486455720103,-1.0416735505415886,0.12272510948106313,0.1886682422633516,-0.06594313278228847,0.15045592705167174,0.2316546762589928,-0.08119874920732106
real_20260626_155755_pallet_rack_cluster021_ransac_icp_voxel005_hard,20260626_155755_pallet_rack_cluster021_ransac_icp_voxel005,True,1353,280,1073,0.20694752402069475,0.1,0.6,0,0.0,0,0.0,0.008342653108089,0.136916080997568,0.1366952126601977,0.19055118211735808,0.3094782901131822,0.0044758572108279,0.0873837350845257,0.09862769985063825,0.1779955124746565,0.2819241796235501,3.5426865396804424e-05,0.0574638898870666,0.0696977694756266,0.14806820080315986,0.2308306456987883,0.0028298764114358,0.8218212622037726,0.6617657381429931,0.9893415254779897,0.999848531479774,33.26468984769436,108.98108704534432,110.4375734909816,161.50464692946974,249.217047269302,-1.241711710088394,0.2825666670234364,0.4040062508801727,1.563497880745734,2.9048048950325405,0.0,0.0,0.13821138211382114,1.0,1.0,0.13394735178303244,0.08941101528300509,0.04453633650002735,0.10934125478498544,0.059352777968990564,0.04998847681599487,0.7371404107059132,0.6420966716773663,0.0950437390285469,101.02687137168824,112.89330190980931,-11.866430538121065,0.34635335741951506,0.41905080835359687,-0.07269745093408181,0.05714285714285714,0.15936626281453867,-0.10222340567168153
real_20260626_161831_pallet_rack_cluster021_part1_ransac_icp_voxel005_easy,20260626_161831_pallet_rack_cluster021_part1_ransac_icp_voxel005,True,1353,444,909,0.328159645232816,0.1,0.4,0,0.0,0,0.0,0.0099658830957718,0.122438574727903,0.12556609274101074,0.18501090581985136,0.3858541340463342,0.0019417373918473,0.1003587603965007,0.11519524219611425,0.21594736795685107,0.3386195176939153,6.475804978677002e-05,0.0554793799219086,0.06640943957276746,0.1362397263020035,0.2787751602980037,0.0002003403149683,0.729575247562651,0.6484645626783804,0.9818401875609016,0.9999299414750992,43.31010069248288,113.52387030742132,124.52406462090958,178.8824431332543,287.2091735068369,-1.35643956374846,0.2666283902045845,0.3392465230726551,1.011597570781348,2.7725788785446905,0.0,0.0,0.10421286031042129,1.0,1.0,0.12658722408211895,0.10963084180295024,0.016956382279168708,0.07643738232093288,0.06151130252085826,0.014926079800074613,0.6898714308932762,0.6282394257285302,0.061632005164745984,122.6223275250486,125.45296590865688,-2.8306383836082745,0.3662479490891704,0.32605770772465426,0.040190241364516155,0.009009009009009009,0.15071507150715072,-0.14170606249814172
real_20260626_161831_pallet_rack_cluster021_part1_ransac_icp_voxel005_hard,20260626_161831_pallet_rack_cluster021_part1_ransac_icp_voxel005,True,1353,363,990,0.2682926829268293,0.1,0.6,0,0.0,0,0.0,0.0099658830957718,0.1225067948720651,0.1261832733289588,0.1773918258112048,0.3204609525368615,0.0024559231600676,0.0749143263895102,0.09692451581667332,0.2075550718219358,0.3326814492759782,8.713977898305858e-05,0.0312194154683812,0.04962665590345742,0.12690345694369956,0.282152858578275,4.388267248292403e-05,0.7352992967406575,0.6393543818567916,0.9837399444233851,0.9999304670127656,41.90697960270646,114.17845963958086,124.8835755924972,182.13726267620893,288.00745984027685,-1.5976014842017894,0.2125612303377476,0.2735474350137197,0.9650776460553684,2.708030601321727,0.0,0.0,0.15668883961566887,1.0,1.0,0.09962645551609177,0.09593380459355322,0.003692650922538551,0.04947084804904702,0.04968378545007457,-0.00021293740102754782,0.6266480292820051,0.6440133778008797,-0.017365348518874613,123.19935535392581,125.5011230133067,-2.301767659380886,0.34249772653092364,0.2482656614574116,0.09423206507351203,0.046831955922865015,0.19696969696969696,-0.15013774104683195
real_20260626_161911_pallet_rack_cluster021_part1_refined_from_voxel005_easy,20260626_161911_pallet_rack_cluster021_part1_refined_from_voxel005,True,1349,203,1146,0.15048183839881393,0.1,0.4,0,0.0,0,0.0,0.0143447705069431,0.2223002658256795,0.21191185106026034,0.3261854927851873,0.4889581488888823,0.0118556948552172,0.1605460835677964,0.17192447116563422,0.2867600745683295,0.3966523019835241,2.5150019385966612e-05,0.0995615368225825,0.1191944288853074,0.24757849087029266,0.3609202152288426,0.0006006201134521,0.7008737590136361,0.6351815995952248,0.9742879452444304,0.9999611858460784,37.57945785616534,111.4218607246829,122.33386262700834,186.2229733743821,270.84525813240055,-1.325667924968057,0.432863467432301,0.6488756316260536,1.5314722561126606,3.540938932953278,0.0,0.0,0.048183839881393624,0.0,1.0,0.27487866173928666,0.15368738505180227,0.12119127668748439,0.19500175523330074,0.10576608050080248,0.08923567473249826,0.677349836691073,0.6277120078583511,0.04963782883272183,99.29820622250278,126.41434975625322,-27.11614353375043,0.5085179483861529,0.673738292793331,-0.16522034440717803,0.0,0.056719022687609075,-0.056719022687609075
real_20260626_161911_pallet_rack_cluster021_part1_refined_from_voxel005_medium,20260626_161911_pallet_rack_cluster021_part1_refined_from_voxel005,True,1351,375,976,0.27757216876387864,0.1,0.5,0,0.0,0,0.0,0.0118715546808264,0.1658269595018036,0.1708294156247957,0.2883265497740985,0.3562225370779963,0.0098384347006728,0.2273006774199198,0.232341589222378,0.4127209351227014,0.4985334452585165,0.0002104825077444,0.1263126910822448,0.15315000925446864,0.3221614100616242,0.4790883447345941,0.0002320371668739,0.5863779227574879,0.5296612997435568,0.9575793392822216,0.9997355052649436,42.14971018407312,119.59151987210775,129.30315383611466,180.81656160383875,285.9038587098685,-0.9954264948907572,0.36974668387961,0.4136058155987807,0.9650776460553684,2.110203973128177,0.0,0.0,0.03923019985196151,0.0,1.0,0.3116759299584901,0.20185964477971197,0.10981628517877812,0.2031144655032772,0.1339526003473957,0.06916186515588149,0.6121913800132248,0.49795148406617423,0.11423989594705058,133.6596222824922,127.62930581624627,6.030316466245921,0.433662007747902,0.4058997991480426,0.027762208599859395,0.0,0.05430327868852459,-0.05430327868852459
real_20260626_162437_pallet_rack_cluster022_ransac_icp_voxel005_easy,20260626_162437_pallet_rack_cluster022_ransac_icp_voxel005,True,1353,122,1231,0.090169992609017,0.1,0.4,0,0.0,0,0.0,0.0207567379019869,0.2023121867828692,0.19602523665022994,0.26827749608648077,0.4441417632518276,0.0068794881637931,0.1085875742571611,0.13591942660620515,0.27447232225932705,0.3385335260089386,2.673568018810545e-05,0.0610187071036355,0.08274919034646368,0.19771250912948252,0.3240198169873713,0.0004606525324222,0.635059123471974,0.5559058645852323,0.9451113086436889,0.9997997745881738,37.70262871373145,99.13951333099224,109.29299380333836,162.59376409687133,266.6330018236197,-0.7668342537287183,0.7442011616186289,0.7194462799363275,1.3500658823417937,3.5498579993480512,0.0,0.0,0.10125646711012565,1.0,1.0,0.22111306506708106,0.1274761903005781,0.09363687476650295,0.128608149494089,0.0782042731929216,0.0504038763011674,0.5560637371109362,0.5558902184047808,0.00017351870615534004,87.1833328646193,111.48420309214724,-24.300870227527938,0.7085320969091699,0.7205279455165982,-0.011995848607428305,0.0,0.11129163281884646,-0.11129163281884646
real_20260626_162437_pallet_rack_cluster022_ransac_icp_voxel005_medium,20260626_162437_pallet_rack_cluster022_ransac_icp_voxel005,True,1353,507,846,0.37472283813747226,0.1,0.5,0,0.0,0,0.0,0.0171322698626699,0.1141410154606772,0.12026589088835975,0.18534713779927575,0.3177704600710159,0.0084099097191313,0.0815261961968093,0.09517619931234074,0.19539434316919901,0.286133853037895,3.5708632481663144e-05,0.0501867795405495,0.06788705243822747,0.16460547713935078,0.2663467954163875,0.0006478921876395,0.6909671980510401,0.5873053145813698,0.95772129376417,0.999697281952369,39.429315652755065,94.45287027322466,108.12086372103214,171.2689553815608,268.8314936257994,-0.7221340628883618,0.4818374026832023,0.4943956670436942,1.1284631609129767,2.0744639262239994,0.0,0.0,0.13008130081300814,1.0,1.0,0.06303003959257576,0.11444109644936301,-0.05141105685678725,0.041933526055329705,0.08344076151166621,-0.04150723545633651,0.6196090540316421,0.5679459813647172,0.051663072666924936,103.31650744424157,111.00007014222932,-7.683562697987753,0.3392307622560094,0.5873845638845409,-0.24815380162853146,0.23076923076923078,0.06973995271867613,0.16102927805055467
real_20260626_162437_pallet_rack_cluster022_ransac_icp_voxel005_hard,20260626_162437_pallet_rack_cluster022_ransac_icp_voxel005,True,1292,94,1198,0.07275541795665634,0.1,0.6,0,0.0,0,0.0,0.013460885878227,0.32316295066705136,0.30210041521360076,0.4640219742217014,0.6178546113066818,0.0061501029938003,0.22240233851287367,0.25734577260850333,0.5206645745173656,0.599967307074099,0.0002687985335306,0.1408616397998798,0.18553983991756282,0.4211181499530993,0.5819493184458309,0.0046237424065628,0.621558323048166,0.5760759208839544,0.9165923312694316,0.999112933923876,43.50493855947612,98.76945385180885,113.4875637872628,182.87975385675003,274.5174160193939,-1.1847565243513971,0.3276867284954693,0.4152557524331899,1.292766247557223,1.868127656361635,0.0,0.0,0.06656346749226007,0.0,1.0,0.4539716721666851,0.24191769701712681,0.2120539751495583,0.2979278687771039,0.1767214136130579,0.12120645516404602,0.4823268635913604,0.5834318569319542,-0.10110499334059381,110.52445870201319,113.72006118126401,-3.195602479250823,0.7595120760375337,0.38824398747592076,0.3712680885616129,0.0,0.07178631051752922,-0.07178631051752922
real_20260626_163327_pallet_rack_cluster022_part1_ransac_icp_voxel005_easy,20260626_163327_pallet_rack_cluster022_part1_ransac_icp_voxel005,True,1055,291,764,0.27582938388625594,0.1,0.4,0,0.0,0,0.0,0.0075355015806724,0.1602209283622131,0.18963641773073536,0.3529023630785523,0.4422534806402547,0.0101544721149295,0.190324188408357,0.1977706195107505,0.3643659512737635,0.3998235603710897,0.000112806333913,0.0835366202727426,0.11897978707866294,0.28643114724029806,0.3901970344107462,0.0005575309913656,0.3871890733293258,0.42894940787016655,0.9377939542511358,0.9995739022860184,56.18560136869487,124.5013971727136,130.7474314685617,182.40775844758352,276.95973870110504,-0.9504809764192488,0.3313567128780645,0.3235024873845339,0.96280951114712,2.736209855918381,0.0,0.0,0.04454976303317536,0.0,1.0,0.06782898595373073,0.24726409511951067,-0.17943510916577993,0.04042179839041663,0.14890174350311275,-0.10847994511269612,0.4940493872591068,0.40415347331233725,0.08989591394676955,128.6475226208802,131.54726585949794,-2.899743238617731,0.13333586478910686,0.39593506222127395,-0.2625991974321671,0.14432989690721648,0.006544502617801047,0.13778539428941544
real_20260626_163327_pallet_rack_cluster022_part1_ransac_icp_voxel005_medium,20260626_163327_pallet_rack_cluster022_part1_ransac_icp_voxel005,True,1302,242,1060,0.1858678955453149,0.1,0.5,0,0.0,0,0.0,0.0075355015806724,0.2170268197592331,0.24348900073401658,0.4443300054670151,0.5876550101472022,0.0059325562904814,0.20705974300492497,0.22182743824665366,0.42542176680260607,0.497055710692617,0.0002048688342934,0.0816535489675099,0.11261268621275111,0.2512668506299684,0.442715567808815,0.000418618685828,0.3694771087179469,0.42232655854379264,0.9374276112305615,0.99936192740782,56.19313654022846,127.820231891191,132.7142318765351,183.2823889631163,269.59445500360835,-1.3099195784165776,0.4519845782891811,0.522673522671413,1.2181560308690131,2.754558980445174,0.0,0.0,0.03917050691244239,0.0,1.0,0.07529990230694429,0.25527995116873825,-0.17998004886179397,0.048460692351511125,0.12725870745277007,-0.07879801510125894,0.5544284195430479,0.3921674544288683,0.1622609651141796,130.9591813142527,133.11491323132032,-2.1557319170676124,0.17345909627456638,0.6023998351129571,-0.4289407388383908,0.13636363636363635,0.016981132075471698,0.11938250428816466
real_20260626_163327_pallet_rack_cluster022_part1_ransac_icp_voxel005_hard,20260626_163327_pallet_rack_cluster022_part1_ransac_icp_voxel005,True,848,60,788,0.07075471698113207,0.1,0.6,0,0.0,0,0.0,0.0303406813754956,0.3246026253336983,0.32615352305957535,0.5386816304360486,0.7085111617577325,0.1079790630863501,0.43159700136166534,0.41222579355640643,0.563740788314683,0.5994296251453362,0.0015607084492189,0.29191272323456996,0.30060915499049434,0.4953002358313391,0.591679040144163,0.0003233834720247,0.440796407199051,0.42464991734153584,0.7210782088472385,0.9584821302990018,57.47193885386066,133.41418732119507,143.20776541498972,206.25275282729265,273.3453533092288,-0.817443517560835,0.35667453893920276,0.7431029199014844,2.5314156200398914,3.1039343967276167,0.0,0.0,0.01061320754716981,0.0,1.0,0.510894128345977,0.4047129761866422,0.10618115215933482,0.41845826865664026,0.29163587222403653,0.12682239643260373,0.4502517612383002,0.42270053836462484,0.02755122287367534,115.30135028234402,145.33261935909982,-30.031269076755805,0.5052684869604531,0.7612121406837964,-0.25594365372334327,0.0,0.011421319796954314,-0.011421319796954314
real_20260703_131528_rm00_0260_02_cluster022_part1_ransac_icp_voxel005_easy,20260703_131528_rm00_0260_02_cluster022_part1_ransac_icp_voxel005,True,816,168,648,0.20588235294117646,0.1,0.4,0,0.0,0,0.0,0.0142585679749295,0.14967001253612505,0.15262279010991983,0.23466091872020806,0.522428502065096,0.0106494322013066,0.14809806277400345,0.16707928604237318,0.30234443393112365,0.3952117898193934,0.0007996433717988,0.0758467178515915,0.09154252768159964,0.19994048910649526,0.3149232916017642,0.0001520602694016,0.7890479977285794,0.6754683142094304,0.9774908916639927,0.9997339229182856,53.256863637522166,115.48909143114543,116.08449780386829,139.10095417875127,234.536581796096,-1.234743133448844,0.3364718080503355,0.36868753342758087,1.131400079237068,2.054118502944019,0.0,0.0,0.06495098039215687,0.0,1.0,0.13609452490127621,0.175112372264139,-0.03901784736286279,0.09408591008538932,0.09088313224358008,0.0032027778418092373,0.7874149401138923,0.6464451149008662,0.14096982521302615,116.64552323693901,115.93904676566478,0.7064764712742289,0.4417352687861558,0.34974923166795024,0.09198603711820558,0.05357142857142857,0.06790123456790123,-0.014329805996472662
real_20260703_131528_rm00_0260_02_cluster022_part1_ransac_icp_voxel005_medium,20260703_131528_rm00_0260_02_cluster022_part1_ransac_icp_voxel005,True,881,303,578,0.3439273552780931,0.1,0.5,0,0.0,0,0.0,0.0109367963447264,0.1237540844908777,0.1478134199839435,0.2743498474544094,0.522428502065096,0.0077274795710348,0.1085645122080653,0.13901728417852044,0.2811906871166276,0.4951372483074233,3.433620072386574e-05,0.0477596561349196,0.07279196134578034,0.1825950838063419,0.384765912976854,0.003584165565778,0.7468288602995045,0.6664648549495047,0.980139859953397,0.999714169637868,59.95476877133613,114.58703379497253,116.9733903418081,140.2735859239202,243.71670204929268,-1.2039693043373108,0.3204715296837945,0.28986619600605057,0.788456269456766,2.054118502944019,0.0,0.0,0.09648127128263337,0.0,1.0,0.07223006439375702,0.17402857759510063,-0.1017985132013436,0.04105335194208432,0.08943002129270058,-0.04837666935061626,0.7471136964850816,0.624187002033796,0.12292669445128568,117.00402968683332,116.95732853983122,0.04670114700209638,0.2764838180041891,0.29688152565062503,-0.020397707646435947,0.18811881188118812,0.04844290657439446,0.13967590530679366
real_20260703_131528_rm00_0260_02_cluster022_part1_ransac_icp_voxel005_hard,20260703_131528_rm00_0260_02_cluster022_part1_ransac_icp_voxel005,True,873,77,796,0.0882016036655212,0.1,0.6,0,0.0,0,0.0,0.0142585679749295,0.193719708287046,0.19849881410323333,0.29024185840514233,0.522428502065096,0.0044241261804957,0.1913046384092077,0.2193747749966766,0.42399925184120996,0.5976020037701466,0.0001927179273036,0.0881917160220406,0.11396984304866493,0.27458173958825804,0.5079977252040692,0.0026213535443368,0.7354536841927716,0.6510028432705462,0.9746137970764412,0.9998892245886316,77.21417524569394,114.82381186835106,116.20186700056911,138.87957231089175,244.29241912326023,-1.2039693043373108,0.4187099243322773,0.410333488641406,0.9555102142599096,2.054118502944019,0.0,0.0,0.06071019473081329,0.0,1.0,0.21490528642507367,0.21980712502181907,-0.004901838596745395,0.11136088371756238,0.11422221725531682,-0.0028613335377544458,0.8059509305144632,0.6360141463889111,0.16993678412555213,118.0212350336392,116.0258728566666,1.9953621769726055,0.5003677441607356,0.4016241448286065,0.09874359933212912,0.012987012987012988,0.06532663316582915,-0.05233962017881616
real_20260703_135230_rm00_0260_02_cluster029_full_ransac_icp_voxel005_easy,20260703_135230_rm00_0260_02_cluster029_full_ransac_icp_voxel005,True,882,645,237,0.7312925170068028,0.1,0.4,0,0.0,0,0.0,0.0104897369432678,0.06878919323337129,0.08628773388051195,0.1742785062026743,0.2846526617733728,0.0012351216164826,0.04493237420923185,0.0676907082493508,0.16314334593055305,0.2682348100360378,1.700416769576628e-05,0.01981865930589065,0.034324306540989,0.09286637180637015,0.2293717765301526,0.0002837653671129,0.866658304818176,0.7002975468470891,0.9938960645505613,0.9999202124512584,41.16257414390332,111.74986393052535,114.72431512703301,161.24872306003752,248.1751034066012,-1.2237719022217697,0.237532058952868,0.3301212766418484,1.1758000067278098,2.762094001631102,0.0,0.0,0.30952380952380953,1.0,1.0,0.03964789013672592,0.1440097702014312,-0.10436188006470526,0.019600468816220677,0.07439551047548507,-0.05479504165926439,0.792299520859619,0.44991242769906464,0.3423870931605543,108.33803336416827,132.10470220318385,-23.76666883901558,0.17147742630576407,0.7618735275565083,-0.5903961012507442,0.4186046511627907,0.012658227848101266,0.40594642331468944
real_20260703_135230_rm00_0260_02_cluster029_full_ransac_icp_voxel005_medium,20260703_135230_rm00_0260_02_cluster029_full_ransac_icp_voxel005,True,882,162,720,0.1836734693877551,0.1,0.5,0,0.0,0,0.0,0.0131594556096372,0.15254829064472,0.1486174973123982,0.21161878512642723,0.2823930441938993,0.0107258078055152,0.1055357760050994,0.14503193019811378,0.31171982080413585,0.4163985351112356,9.170421833429657e-05,0.0602940986276424,0.07843967102987216,0.17153787569902473,0.3551856024149883,0.0012018839791541,0.7177905671219356,0.621940000769895,0.9882299448830932,0.9998431769857452,41.539619213913625,119.15464250507998,123.85008385987902,166.51968377356542,248.1751034066012,-1.6486545871378808,0.4054645525533805,0.5070947927757895,1.367258016023436,2.590244040756564,0.0,0.0,0.12698412698412698,1.0,1.0,0.17435494472666357,0.1384342519291901,0.03592069279747348,0.08524712305622506,0.07690799432394275,0.008339128732282305,0.7705283241132012,0.588507628017651,0.18202069609555016,131.49751649510137,122.129411516954,9.368104978147372,0.5317920133354506,0.5015379181498657,0.03025409518558486,0.024691358024691357,0.15,-0.12530864197530864
real_20260703_135230_rm00_0260_02_cluster029_full_ransac_icp_voxel005_hard,20260703_135230_rm00_0260_02_cluster029_full_ransac_icp_voxel005,True,882,259,623,0.29365079365079366,0.1,0.6,0,0.0,0,0.0,0.0120891534961323,0.1273211456315666,0.1252124578936949,0.18731255740724267,0.2823930441938993,0.0071240823250236,0.09198723457625765,0.12116283450478703,0.27093860615731746,0.3556800854373176,4.0186290266318574e-05,0.0395408969557355,0.06254693102197949,0.14261975289783457,0.3257344390577349,0.0003107699830514,0.6925975666186057,0.622501716763553,0.9895179180828291,0.9999441170096892,44.54747057069893,116.65013240150125,120.93600534690191,164.66856455296957,254.9394673760877,-1.4350807157773044,0.3772936582256996,0.47643297639676413,1.337501563027825,2.8621773098123717,0.0,0.0,0.19501133786848074,1.0,1.0,0.12310719585602976,0.12035450450483218,0.0027526913511975865,0.0646783042362467,0.061660854517171765,0.00301744971907493,0.7233196012692863,0.5805886636544281,0.14273093761485822,123.43224927730654,119.89824101628426,3.5340082610222794,0.34924479449793266,0.5293089621299862,-0.18006416763205357,0.10424710424710425,0.23274478330658105,-0.1284976790594768
real_20260703_135250_rm00_0260_02_cluster029_full_refined_from_voxel005_easy,20260703_135250_rm00_0260_02_cluster029_full_refined_from_voxel005,True,882,598,284,0.6780045351473923,0.1,0.4,0,0.0,0,0.0,0.0120721755470454,0.08205317773337564,0.09337029006596817,0.16842362943608113,0.2682750523927067,0.006200432431722,0.0549717593983814,0.06453408697637188,0.11709017181449487,0.2332537070749445,6.281561490768198e-05,0.0263283425129414,0.0355692034661534,0.07740818671143336,0.198096221295045,0.0004623135656212,0.8427468916579539,0.6888913758186839,0.9902468373454173,0.9999160240121427,41.16257414390332,111.25729769602442,113.60622178623503,158.7620493879149,240.91840640413756,-1.16314737231696,0.3285035808616797,0.33379288784516,1.0901963656759364,2.762094001631102,0.0,0.0,0.2585034013605442,1.0,1.0,0.050068236134796,0.09499387149490136,-0.04492563536010536,0.029634172076098364,0.04806620618183267,-0.018432034105734303,0.7733099027905757,0.5111368718426584,0.2621730309479172,108.34513739787135,124.68413891384587,-16.339001515974516,0.1870452537114724,0.64278966676046,-0.4557444130489876,0.3528428093645485,0.05985915492957746,0.29298365443497104
real_20260703_135250_rm00_0260_02_cluster029_full_refined_from_voxel005_medium,20260703_135250_rm00_0260_02_cluster029_full_refined_from_voxel005,True,882,285,597,0.3231292517006803,0.1,0.5,0,0.0,0,0.0,0.0093805852876879,0.12067320671925261,0.12388851490404756,0.19005685887034982,0.2656371539252442,0.0056827242864055,0.08013044027947985,0.11284141450771047,0.25921925834849874,0.3654712184940835,4.999994847060523e-05,0.0340408936789198,0.05860691972461456,0.13841825259743074,0.3233726587150888,0.0012331388765597,0.7781800041305382,0.6592985043335415,0.9928457539933613,0.9998042579801826,44.75409198201644,116.85698925656799,120.07408517448702,164.9888255323465,262.07039112259633,-1.16314737231696,0.2946021608906539,0.4374343515970522,1.3566814551369422,3.218851825180196,0.0,0.0,0.19047619047619047,1.0,1.0,0.09765062022416637,0.12009330122598526,-0.022442681001818884,0.04925422943299504,0.06307177187388016,-0.013817542440885122,0.7605540422162758,0.6109604334850002,0.14959360873127558,125.20742948374199,117.62349367006881,7.583935813673179,0.28983532385387406,0.5078961990121373,-0.21806087515826328,0.16842105263157894,0.20100502512562815,-0.03258397249404921
real_20260706_122711_metal_tab2_cluster009_part1_refined_from_identity_easy,20260706_122711_metal_tab2_cluster009_part1_refined_from_identity,True,1791,1195,596,0.6672250139586823,0.1,0.4,0,0.0,0,0.0,0.0088104104238161,0.0808673966411075,0.10366565081339621,0.2138149169876354,0.3184330266040503,0.0010991825136535,0.0535893373059341,0.08119665062703617,0.2032350121970963,0.2886980292133228,7.050054781130586e-05,0.0316853954817329,0.06269580320318585,0.1930005660799385,0.2683444924140489,0.0004486389263424,0.6285898132321848,0.5813097843620115,0.9848662960809862,0.9999665142240944,33.122114129409724,130.8981913784522,147.4212531388034,241.67992509275967,297.0517731778639,-1.5198207537639132,0.2719334124536784,0.36539477076426463,1.33053885201388,2.632779920410345,0.0,0.0,0.26912339475153546,1.0,1.0,0.044735053641493244,0.15430337612657274,-0.1095683224850795,0.02742180405515033,0.13342135518624362,-0.1059995511310933,0.6441556380982667,0.45530173869955326,0.18885389939871344,154.77636931415282,132.67399839124874,22.102370922904072,0.39977794347601486,0.2964553556794634,0.10332258779655146,0.39330543933054396,0.020134228187919462,0.3731712111426245
real_20260706_122711_metal_tab2_cluster009_part1_refined_from_identity_medium,20260706_122711_metal_tab2_cluster009_part1_refined_from_identity,True,1791,331,1460,0.18481295365717476,0.1,0.5,0,0.0,0,0.0,0.0145321790685804,0.1515172748517904,0.15535021669446403,0.2427193920390636,0.4396955604875667,0.0041066084934381,0.0933922051327209,0.11577375641147455,0.2634537572956715,0.4076626226978214,1.7555819577039526e-05,0.0650414232997096,0.09371859067230144,0.2474143012561494,0.3694493960495638,0.0009541714333919,0.6351570263464581,0.5955633328489557,0.9827758114810976,0.9999418885222324,35.815083554958186,130.17251536161334,147.06045077335438,247.3783912864236,297.0517731778639,-1.856292590385606,0.2401847369274546,0.3482680229014523,1.3518521415823903,2.651472042241513,0.0,0.0,0.1870463428252373,1.0,1.0,0.10439505309894256,0.11835344873780887,-0.013958395638866306,0.07049129429592703,0.09898450512475344,-0.028493210828826415,0.702323217770594,0.5713595507194609,0.13096366705113316,162.05291298347666,143.66147475174444,18.391438231732224,0.8090533809397233,0.24380230131880315,0.5652510796209202,0.08459214501510574,0.21027397260273972,-0.12568182758763397
real_20260706_122711_metal_tab2_cluster009_part1_refined_from_identity_hard,20260706_122711_metal_tab2_cluster009_part1_refined_from_identity,True,1753,99,1654,0.05647461494580719,0.1,0.6,0,0.0,0,0.0,0.0175628480875563,0.4780542999969076,0.4108420961802115,0.5657227036142475,0.7213035028904823,0.0032630971693105,0.1017306626448331,0.18428744332677094,0.46534835403211583,0.5989326194070668,8.703353006204225e-06,0.0750043885336668,0.12846522414985237,0.354425135249169,0.5458330779698535,0.0002458909129883,0.4677794793612083,0.4932053222519962,0.9719129844570088,0.999918670066468,42.452807724195,141.27485814633926,159.4551135136314,260.1470050101309,296.7194122812848,-1.5433526564801936,0.6255731638515892,0.6338581163756664,1.475904359813293,2.7055392323227223,0.0,0.0,0.1289218482601255,1.0,1.0,0.48818884936140355,0.1660974559038999,0.32209139345750365,0.29109823823815767,0.11873084180720288,0.17236739643095478,0.5581590567241869,0.4893175231511819,0.06884153357300499,116.40777005816736,162.03170783170333,-45.62393777353597,0.5727012492423093,0.637518654372161,-0.06481740512985179,0.0,0.13663845223700122,-0.13663845223700122
real_20260706_130424_table_cluster004_table1_refined_from_identity_scale1_medium,20260706_130424_table_cluster004_table1_refined_from_identity_scale1,True,697,55,642,0.07890961262553801,0.1,0.5,0,0.0,0,0.0,0.01183072511125,0.2103241460578688,0.2103770941401623,0.3019251187701842,0.4063127857071539,0.0272540694440413,0.1929346026486362,0.19298380400116463,0.25347899521680245,0.3332032984882927,0.0026585627303851,0.1456313044590485,0.14429884766797277,0.2236368068355496,0.2989325870589152,0.00783054761529,0.8496598504142161,0.7500343785719703,0.9874432839108149,0.9999585812045856,61.543335781281534,230.02442075490768,220.4405754918035,280.95798139375677,307.0299715794659,-2.286830671762738,0.4083094413602279,0.48878240659038774,1.6049797263814891,2.654794530405041,0.0,0.0,0.09038737446197992,0.0,1.0,0.2527706822882238,0.18786187517594927,0.06490880711227454,0.1882436400687038,0.14053410688597867,0.04770953318272514,0.642374035572473,0.759257616679404,-0.11688358110693098,197.52993358182684,222.403325188141,-24.873391606314158,0.3152081771498597,0.5036524729754798,-0.18844429582562006,0.0,0.09813084112149532,-0.09813084112149532
real_20260706_130424_table_cluster004_table1_refined_from_identity_scale1_hard,20260706_130424_table_cluster004_table1_refined_from_identity_scale1,True,697,230,467,0.3299856527977044,0.1,0.6,0,0.0,0,0.0,0.0088729068110371,0.1259476641144976,0.1288646217265496,0.20392770425406706,0.2927800566210501,0.0125693093929712,0.1246562581427661,0.12292340217501918,0.17716740990746208,0.2433220493786871,0.0006197599147459,0.0904697003264544,0.08961609481341516,0.14656395663096938,0.2336837652483301,0.0475409046779033,0.9390449631865004,0.8158957775045684,0.9899313144741225,0.9999392689058064,72.71016088542335,219.36515121852975,214.32871392433466,276.5894613594336,297.58466999083447,-2.369068715864408,0.3448400745275201,0.44033559010241985,1.568612117924865,2.62304585930818,0.0,0.0,0.13916786226685796,1.0,1.0,0.1277424158440615,0.12055001214529815,0.007192403698763367,0.09039582779115587,0.08923207214771849,0.0011637556434373891,0.8309392630603015,0.8084867803357918,0.022452482724509726,198.9319129094384,221.91172084815943,-22.979807938721024,0.22272176394184098,0.5475115644427478,-0.3247898005009069,0.06956521739130435,0.1734475374732334,-0.10388232008192906
real_20260706_145031_table2_cluster004_table2_refined_from_identity_easy,20260706_145031_table2_cluster004_table2_refined_from_identity,True,1050,443,607,0.4219047619047619,0.1,0.4,0,0.0,0,0.0,0.0089662962553354,0.10809090626283685,0.11120523474800566,0.1705283748976506,0.2376249260426031,0.0218940996265798,0.14563660391928004,0.13533487042446912,0.16689842449590161,0.242132257061698,0.0016948908947098,0.13447965519646704,0.12220895029570031,0.15699293074123297,0.2362431807124135,0.0167400836434663,0.9785315839410422,0.8808342327512794,0.998994623333108,0.999989744515381,44.8259387309006,120.12990047958874,130.12186692876998,204.4059744869189,305.5844573722445,-1.6977950539841136,0.0160003274575645,-0.06493095974596808,0.3726748186190979,0.8914678398132866,0.0,0.0,0.15333333333333332,1.0,1.0,0.14994056541084597,0.1246753599154659,0.02526520549538007,0.13846047696888614,0.11034828091148072,0.02811219605740542,0.9653366674464176,0.8191627688798687,0.14617389856654883,121.71065708759738,136.2605258408613,-14.549868753263922,0.05735064122467142,-0.1541743686915913,0.21152500991626272,0.13318284424379231,0.16803953871499178,-0.03485669447119946
real_20260706_145031_table2_cluster004_table2_refined_from_identity_medium,20260706_145031_table2_cluster004_table2_refined_from_identity,True,1050,275,775,0.2619047619047619,0.1,0.5,0,0.0,0,0.0,0.0122443868217806,0.14183852004053954,0.14934632102975784,0.24192862885108257,0.3556446958287145,0.0070601438164298,0.1765224248203551,0.15166961490107325,0.20555824207318754,0.2643637164949893,8.478468237975434e-06,0.16100436368877213,0.12948636268412547,0.19564972861006083,0.2519777004591915,0.0052007639767121,0.9534434595192058,0.7715892453105523,0.9991870976662472,0.9999986930280528,30.18206279361983,138.9239702366761,146.7290842926501,212.19099742754543,327.0469031648552,-1.4063976476962274,0.052367925993574,0.0173680306134749,0.4408830948898312,2.0954234665767704,0.0,0.0,0.14666666666666667,1.0,1.0,0.19426304622967705,0.1365558166876977,0.05770722954197935,0.177280204801874,0.1125272574165373,0.06475294738533671,0.9326053452010743,0.714454500188109,0.21815084501296533,132.80870664822217,151.6685731342213,-18.859866485999135,0.07590127381058386,-0.0034018298758218316,0.07930310368640568,0.13090909090909092,0.15225806451612903,-0.021348973607038108
real_20260706_145031_table2_cluster004_table2_refined_from_identity_hard,20260706_145031_table2_cluster004_table2_refined_from_identity,True,1050,172,878,0.16380952380952382,0.1,0.6,0,0.0,0,0.0,0.0230277951327203,0.13340405488630536,0.13323514493497982,0.17765988731713428,0.2351498036424579,0.0183933822014919,0.1069547611837338,0.10311298728276501,0.12421252084127268,0.1918730381619401,3.737808683464128e-06,0.093563216728308,0.08552561588405536,0.11253877497652708,0.1492191118734734,0.0055023045060434,0.9855398056845011,0.8823748155347321,0.9991818423937352,0.999994619406906,35.53832724622058,122.80951803066283,128.2576863514495,184.01977427429588,300.4972486497588,-1.718597887250021,0.0672935638042441,-0.006436989413008644,0.39899192572490405,0.7389994877312707,0.0,0.0,0.19142857142857142,1.0,1.0,0.1120231014217236,0.10136749795258179,0.010655603469141808,0.08953969098347582,0.08473925948644677,0.004800431497029051,0.9026575912288187,0.8784014243964828,0.02425616683233589,120.0473596516998,129.8660874816966,-9.818727829996817,0.07364194201383926,-0.022124433838313695,0.09576637585215296,0.03488372093023256,0.22209567198177677,-0.1872119510515442
real_20260706_150131_table3_cluster004_table3_refined_from_identity_easy,20260706_150131_table3_cluster004_table3_refined_from_identity,True,999,76,923,0.07607607607607608,0.1,0.4,0,0.0,0,0.0,0.025230935915987,0.3028164256539208,0.2760361622436917,0.38436518477995246,0.5151029216384897,0.0209424175034452,0.1019029635086469,0.1523206245785626,0.3182718725058389,0.3999777118048148,6.541101255896908e-05,0.0727712194111441,0.08555042438683569,0.16882244256288753,0.372090329851531,0.0014330539223673,0.9660025561983174,0.8731681730954919,0.9984384389384351,0.999993190563328,34.43566650736368,174.74989114811072,172.65715381684115,251.0479117428433,302.1374978975346,-1.6471727904388838,0.042302334818942,0.027294733782263034,0.6190383512645907,1.0608705440206618,0.0,0.0,0.13213213213213212,1.0,1.0,0.32040122144007976,0.13848083545453732,0.18192038598554244,0.15804143052654754,0.07958150080436754,0.07845992972218,0.7396131786239597,0.8841651173856722,-0.14455193876171246,154.032311743602,174.19072694529854,-20.158415201696528,-0.019019538783515897,0.031108260017365098,-0.050127798800880995,0.02631578947368421,0.14084507042253522,-0.11452928094885101
real_20260706_150131_table3_cluster004_table3_refined_from_identity_medium,20260706_150131_table3_cluster004_table3_refined_from_identity,True,1000,88,912,0.088,0.1,0.5,0,0.0,0,0.0,0.0165616964524492,0.2015979588302609,0.20488803457485313,0.30083835986201773,0.6198941215157929,0.0591062664115065,0.28159678616700445,0.2768673366644508,0.32120117055415426,0.4041983494431236,0.000497122071493,0.25736633442371515,0.2357627728787333,0.29480043750744545,0.3840995099702916,0.0297084865131468,0.9838490696765299,0.8707407503786583,0.9989313351576568,0.9999470363106155,36.60498418670507,170.84837360360441,165.48142826314992,232.63114552489,302.1374978975346,-2.011816676241398,0.0714588950166943,0.041261570259092724,0.7376224449139107,1.4381637132602858,0.0,0.0,0.075,0.0,1.0,0.3116688535863993,0.273509295557947,0.03815955802845228,0.2402077782810599,0.2353338688486843,0.004873909432375617,0.8579452858993165,0.8719754004599982,-0.014030114560681706,167.95158956902935,165.2430793652142,2.708510203815166,0.0156391429529288,0.04373390973600327,-0.028094766783074467,0.0,0.08223684210526316,-0.08223684210526316
real_20260706_153654_table_fanuc_cluster000_table1_refined_from_identity_easy,20260706_153654_table_fanuc_cluster000_table1_refined_from_identity,True,1831,156,1675,0.085199344620426,0.1,0.4,0,0.0,0,0.0,0.0207594047853034,0.2365895539898282,0.23148153335254043,0.3367383724760285,0.6362872487266729,0.0071649994360011,0.1475623727054863,0.1606286482977084,0.3182084654794471,0.3996898476255889,3.0667160723680034e-05,0.0723332178842765,0.10561173225826714,0.254644573819542,0.3848344426854179,0.0001157313269236,0.5819145532496778,0.5577009549123526,0.9924983563747792,0.9999707053319542,34.558019217867454,133.87479943635503,143.5722830899382,227.9803662614911,320.8417088345228,-0.7985069628851472,0.4432046925025359,0.6869302428183149,2.095638864729415,3.5720640016173824,0.0,0.0,0.1032222829055161,1.0,1.0,0.22948741990183022,0.15421553285278722,0.075271887049043,0.13108607401655314,0.10323919654824171,0.027846877468311437,0.5433914776006719,0.5590336584709331,-0.015642180870261257,161.12587199172188,141.93744137729445,19.188430614427432,0.8193346753389854,0.6745988449238527,0.14473583041513272,0.0,0.11283582089552238,-0.11283582089552238
real_20260706_153654_table_fanuc_cluster000_table1_refined_from_identity_medium,20260706_153654_table_fanuc_cluster000_table1_refined_from_identity,True,1881,307,1574,0.16321105794790006,0.1,0.5,0,0.0,0,0.0,0.0134992367166214,0.1701896974963624,0.1842881493030876,0.3019345324249349,0.576205000411407,0.0045257958611499,0.1215884519137301,0.14340061214125216,0.28848548456636,0.4958254541956124,4.6378308160405744e-06,0.0623737419775867,0.09550564360565077,0.2199351622705471,0.4813626680884781,0.0001365418853413,0.8506962039981137,0.6612606987686418,0.9935220188007472,0.9999944718442662,35.786347914573184,144.1419824831887,152.11365786566634,247.36411348906168,320.8417088345228,-1.6584200627212975,0.44118254860593,0.6706430825999201,2.05717261645801,3.5006050938293187,0.0,0.0,0.13822434875066453,1.0,1.0,0.13974123671052557,0.14411435309248027,-0.0043731163819547,0.1022722620608454,0.09418585207722333,0.008086409983622075,0.7866359514868198,0.6368069487149692,0.14982900277185052,151.8337647164597,152.16824947736038,-0.3344847609006649,0.9794496110138398,0.6104120761049563,0.36903753490888347,0.013029315960912053,0.16264294790343076,-0.1496136319425187
real_20260706_153654_table_fanuc_cluster000_table1_refined_from_identity_hard,20260706_153654_table_fanuc_cluster000_table1_refined_from_identity,True,1887,300,1587,0.1589825119236884,0.1,0.6,0,0.0,0,0.0,0.011715736452521,0.1503502702208336,0.1755902386497109,0.3145801458727322,0.7078334170672632,0.0037771530105855,0.0982971376055907,0.13168341243585033,0.28236534720445944,0.5893285131894143,0.0001093300077411,0.0625022951719563,0.08725954978858287,0.19299236904228695,0.5730185927249157,0.0009340735209323,0.7693454344246817,0.6410732249711314,0.9951006779952469,0.9999336332755088,37.77845960324768,136.32205391968589,146.10434325396776,237.97231874957694,320.8417088345228,-1.225948884965066,0.445956027904904,0.6294023207939452,1.872496663407004,3.340262585460938,0.0,0.0,0.12506624271330152,1.0,1.0,0.1057068639044667,0.13659391310340868,-0.030887049198941988,0.07167607172737507,0.09020538685119306,-0.018529315123817988,0.72110809645065,0.6259437596630939,0.09516433678755609,146.70650611471973,145.99051284550805,0.7159932692116797,0.7397886961253739,0.6085353311282687,0.13125336499710516,0.06,0.13736609955891618,-0.07736609955891618
real_20260706_163516_mir_charger_cluster025_ransac_icp_voxel005_easy,20260706_163516_mir_charger_cluster025_ransac_icp_voxel005,True,319,40,279,0.12539184952978055,0.1,0.4,0,0.0,0,0.0,0.0213928360083083,0.1553476585954401,0.15097376921001449,0.19903200553271164,0.2735369176198994,0.0100264325508984,0.0733766921300348,0.07917803796416654,0.1404409868784374,0.1769429446370033,7.37676711877154e-05,0.0404131015231017,0.04869908744713686,0.10838116254709543,0.1505878161849742,0.0017418414154902,0.4228358733674927,0.46118651919183323,0.9303619955003678,0.996814488489257,30.523091230399316,77.46936442314382,84.85492564728025,130.0667519430909,216.1436836967573,-1.0895611258772382,0.3083693603038641,0.40329044231956307,1.150550565281978,3.471120120952888,0.0,0.0,0.15047021943573669,1.0,1.0,0.12596438451027503,0.07247031802924059,0.05349406648103444,0.0689419858888087,0.04579687978524842,0.023145106103560284,0.6343196118041442,0.4363645704302116,0.1979550413739326,73.71493178695792,86.45205738352719,-12.737125596569271,0.44955240194058976,0.3966579033057959,0.05289449863479384,0.0,0.17204301075268819,-0.17204301075268819
real_20260706_163516_mir_charger_cluster025_ransac_icp_voxel005_medium,20260706_163516_mir_charger_cluster025_ransac_icp_voxel005,True,319,135,184,0.4231974921630094,0.1,0.5,0,0.0,0,0.0,0.0207895897784002,0.1090766910187134,0.10771841741851305,0.1526554350818902,0.2118055017006847,0.0099771167703495,0.0608131151567566,0.06516213402682045,0.10839150516456425,0.1382728040646336,8.214534587793832e-06,0.0355770896002628,0.04090413439545073,0.08689902780374195,0.1136718836609887,0.0072328756036844,0.550624360963424,0.5314819463292424,0.9187512505813259,0.9968908213105953,29.4952202602502,70.06795945560818,82.11022835504735,128.7951600179597,216.32653206128523,-0.7176787986886799,0.1617659253097057,0.2774264967437107,1.0144185129269851,3.2479768571383056,0.0,0.0,0.19435736677115986,1.0,1.0,0.07569886712678642,0.05743137876325844,0.018267488363527977,0.05129078181069751,0.033283496346220756,0.018007285464476754,0.6452920541560264,0.4479799650432865,0.1973120891127399,70.80316099061558,90.4061745191685,-19.60301352855292,0.2806943549285849,0.2750288834015475,0.005665471527037391,0.08888888888888889,0.2717391304347826,-0.1828502415458937
real_20260706_163705_mir_charger_cluster025_refined_from_identity_hard,20260706_163705_mir_charger_cluster025_refined_from_identity,True,319,33,286,0.10344827586206896,0.1,0.6,0,0.0,0,0.0,0.0468705418083762,0.1504477364044584,0.14877900345037667,0.18899451830796604,0.2488242346427744,0.0086885089667455,0.0533890111803156,0.06116796602064827,0.11346478875106256,0.1544079112082911,7.413269957641348e-05,0.0311411737966777,0.03981699070862916,0.09379027968753988,0.1407605059156858,0.0053105598203915,0.6099711918655629,0.598488591068468,0.9710189197303065,0.9960850315477086,22.594375954465903,76.5526629858288,84.43588827082108,129.22780597550016,224.65957226547008,-1.0140536261319792,0.2567341965442466,0.3770960745633451,0.8845574764394015,3.337588892613877,0.0,0.0,0.23824451410658307,1.0,1.0,0.1106957905899549,0.05545321703188212,0.055242573558072786,0.07565827774149476,0.035681457589452355,0.03997682015204241,0.7991341691130943,0.575337178217165,0.2237969908959293,85.13962689555403,84.35468766027496,0.7849392352790687,0.4481983786109171,0.3688919625578561,0.07930641605306099,0.0,0.26573426573426573,-0.26573426573426573
real_20260707_154904_ur10_choko_base_cluster016_base_refined_from_center_v2_medium,20260707_154904_ur10_choko_base_cluster016_base_refined_from_center_v2,True,887,91,796,0.10259301014656144,0.1,0.5,0,0.0,0,0.0,0.0312368258162933,0.1508006620961868,0.14682754894518957,0.18444838294138416,0.2520336665052773,0.0041847438224034,0.0426784123959552,0.052710060600975224,0.10541267696750568,0.1594091197045646,0.0002400542065248,0.0224477557756795,0.033648457958774226,0.08449018531694114,0.1364589664943959,0.0016554556758186,0.6420307061828231,0.5953059142082368,0.9618115897556129,0.9993695442122784,30.34932122357634,65.60509065624365,74.41917501475106,106.8912700613451,242.84672804619103,-1.331803722507656,0.0782156903375256,0.10823158717349567,0.6598392496153661,2.474848254713685,0.0,0.0,0.3201803833145434,1.0,1.0,0.10765852338852461,0.046428263975765424,0.06123025941275918,0.0853299859021515,0.027740142578312754,0.05758984332383875,0.6937307496716116,0.5840538287469714,0.10967692092464021,64.75746220334499,75.52371755977362,-10.76625535642863,0.050174421513814675,0.11486877570996673,-0.06469435419615205,0.01098901098901099,0.3555276381909548,-0.3445386272019438
