heldout_real_case,repeat_idx,feature,permutation_importance_mean,permutation_importance_std
20260626_143302_palletizer_005_part_2_refined_from_voxel005,0,distance_T0,0.12089009862823068,0.008630009231978476
20260626_143302_palletizer_005_part_2_refined_from_voxel005,0,point_to_plane_residual,0.0017542003967693453,0.003593822380113603
20260626_143302_palletizer_005_part_2_refined_from_voxel005,0,normal_dot_abs,0.08457253264885896,0.0225339946223551
20260626_143302_palletizer_005_part_2_refined_from_voxel005,0,fpfh_distance,-0.026704369164809828,0.001806275181031127
20260626_143302_palletizer_005_part_2_refined_from_voxel005,0,log_normalized_density_ratio,0.021005979747835114,0.010852258024764264
20260626_143302_palletizer_005_part_2_refined_from_voxel005,0,is_mutual_nn,0.0,0.0
20260626_143302_palletizer_005_part_2_refined_from_voxel005,1,distance_T0,0.1447240007897782,0.017885975175236893
20260626_143302_palletizer_005_part_2_refined_from_voxel005,1,point_to_plane_residual,0.0012965522428756593,0.003100664529134764
20260626_143302_palletizer_005_part_2_refined_from_voxel005,1,normal_dot_abs,0.06162971633806276,0.008157185703096495
20260626_143302_palletizer_005_part_2_refined_from_voxel005,1,fpfh_distance,-0.04316160362545698,0.011579490771950512
20260626_143302_palletizer_005_part_2_refined_from_voxel005,1,log_normalized_density_ratio,0.036511249635668076,0.008075279441454294
20260626_143302_palletizer_005_part_2_refined_from_voxel005,1,is_mutual_nn,0.0,0.0
20260626_143302_palletizer_005_part_2_refined_from_voxel005,2,distance_T0,0.07869009674780698,0.005691105541378658
20260626_143302_palletizer_005_part_2_refined_from_voxel005,2,point_to_plane_residual,0.03237243674724286,0.0018447035815938935
20260626_143302_palletizer_005_part_2_refined_from_voxel005,2,normal_dot_abs,0.06060112449346087,0.010792924462492895
20260626_143302_palletizer_005_part_2_refined_from_voxel005,2,fpfh_distance,-0.013389322953393656,0.0070612556876451845
20260626_143302_palletizer_005_part_2_refined_from_voxel005,2,log_normalized_density_ratio,0.05092399326808263,0.007269208882309761
20260626_143302_palletizer_005_part_2_refined_from_voxel005,2,is_mutual_nn,0.0,0.0
20260626_143302_palletizer_005_part_2_refined_from_voxel005,3,distance_T0,0.08044711778034763,0.004937540138740955
20260626_143302_palletizer_005_part_2_refined_from_voxel005,3,point_to_plane_residual,0.029212854577421732,0.001643235468475276
20260626_143302_palletizer_005_part_2_refined_from_voxel005,3,normal_dot_abs,0.05735762840944343,0.02530093217945399
20260626_143302_palletizer_005_part_2_refined_from_voxel005,3,fpfh_distance,-0.015500333775233032,0.003494955135116486
20260626_143302_palletizer_005_part_2_refined_from_voxel005,3,log_normalized_density_ratio,0.031071183444748372,0.006045002546986761
20260626_143302_palletizer_005_part_2_refined_from_voxel005,3,is_mutual_nn,0.0,0.0
20260626_143302_palletizer_005_part_2_refined_from_voxel005,4,distance_T0,0.14282030669712958,0.01983099791352097
20260626_143302_palletizer_005_part_2_refined_from_voxel005,4,point_to_plane_residual,0.00404032568941044,0.004028928182508591
20260626_143302_palletizer_005_part_2_refined_from_voxel005,4,normal_dot_abs,0.06992802677723575,0.007341002427920769
20260626_143302_palletizer_005_part_2_refined_from_voxel005,4,fpfh_distance,-0.0010332929042204287,0.002335110814650756
20260626_143302_palletizer_005_part_2_refined_from_voxel005,4,log_normalized_density_ratio,0.06578474788217278,0.009630955429824428
20260626_143302_palletizer_005_part_2_refined_from_voxel005,4,is_mutual_nn,0.0,0.0
20260626_144015_pallet_rack_05_part1_refined_from_voxel005,0,distance_T0,0.03444125871650565,0.006703960106779346
20260626_144015_pallet_rack_05_part1_refined_from_voxel005,0,point_to_plane_residual,7.079395419631317e-05,0.0003574200889130673
20260626_144015_pallet_rack_05_part1_refined_from_voxel005,0,normal_dot_abs,-0.042251247743442674,0.008991065841751708
20260626_144015_pallet_rack_05_part1_refined_from_voxel005,0,fpfh_distance,-0.016724009769565673,0.006230471860704261
20260626_144015_pallet_rack_05_part1_refined_from_voxel005,0,log_normalized_density_ratio,-0.004717001168100243,0.0065968294480304316
20260626_144015_pallet_rack_05_part1_refined_from_voxel005,0,is_mutual_nn,0.0,0.0
20260626_144015_pallet_rack_05_part1_refined_from_voxel005,1,distance_T0,0.07488584474885843,0.018161707244385816
20260626_144015_pallet_rack_05_part1_refined_from_voxel005,1,point_to_plane_residual,0.00018477222045236718,0.00016820679271526047
20260626_144015_pallet_rack_05_part1_refined_from_voxel005,1,normal_dot_abs,-0.0242713532264345,0.008050876534902829
20260626_144015_pallet_rack_05_part1_refined_from_voxel005,1,fpfh_distance,0.0013769424091182759,0.012911016318017528
20260626_144015_pallet_rack_05_part1_refined_from_voxel005,1,log_normalized_density_ratio,-0.015887579200736246,0.00421979705685274
20260626_144015_pallet_rack_05_part1_refined_from_voxel005,1,is_mutual_nn,0.0,0.0
20260626_144015_pallet_rack_05_part1_refined_from_voxel005,2,distance_T0,0.12817705567944487,0.008104016238746705
20260626_144015_pallet_rack_05_part1_refined_from_voxel005,2,point_to_plane_residual,-4.247637251797443e-06,8.495274503594886e-06
20260626_144015_pallet_rack_05_part1_refined_from_voxel005,2,normal_dot_abs,-0.05058051042440992,0.014263051011468521
20260626_144015_pallet_rack_05_part1_refined_from_voxel005,2,fpfh_distance,-0.006519061272167503,0.003073655615169829
20260626_144015_pallet_rack_05_part1_refined_from_voxel005,2,log_normalized_density_ratio,0.0020795724045165054,0.007067877785282388
20260626_144015_pallet_rack_05_part1_refined_from_voxel005,2,is_mutual_nn,0.0,0.0
20260626_144015_pallet_rack_05_part1_refined_from_voxel005,3,distance_T0,0.04077837952638842,0.0035497532651660377
20260626_144015_pallet_rack_05_part1_refined_from_voxel005,3,point_to_plane_residual,7.468762167707199e-05,0.0003836865778232548
20260626_144015_pallet_rack_05_part1_refined_from_voxel005,3,normal_dot_abs,-0.04036352695479809,0.024078911007615875
20260626_144015_pallet_rack_05_part1_refined_from_voxel005,3,fpfh_distance,-0.017580970585112,0.009257835286155978
20260626_144015_pallet_rack_05_part1_refined_from_voxel005,3,log_normalized_density_ratio,-0.01035043007327181,0.002732300068093479
20260626_144015_pallet_rack_05_part1_refined_from_voxel005,3,is_mutual_nn,0.0,0.0
20260626_144015_pallet_rack_05_part1_refined_from_voxel005,4,distance_T0,0.0610381933382889,0.00655870916277615
20260626_144015_pallet_rack_05_part1_refined_from_voxel005,4,point_to_plane_residual,0.00639269406392704,0.004022533409066518
20260626_144015_pallet_rack_05_part1_refined_from_voxel005,4,normal_dot_abs,-0.006270220523167303,0.008131746662794814
20260626_144015_pallet_rack_05_part1_refined_from_voxel005,4,fpfh_distance,-0.022686276591978992,0.01049389927679526
20260626_144015_pallet_rack_05_part1_refined_from_voxel005,4,log_normalized_density_ratio,-0.0011528795440869156,0.002306289112474491
20260626_144015_pallet_rack_05_part1_refined_from_voxel005,4,is_mutual_nn,0.0,0.0
20260626_155755_pallet_rack_cluster021_ransac_icp_voxel005,0,distance_T0,0.06516880288280642,0.0027613168991544863
20260626_155755_pallet_rack_cluster021_ransac_icp_voxel005,0,point_to_plane_residual,0.0022177010873235758,0.0004897375918362782
20260626_155755_pallet_rack_cluster021_ransac_icp_voxel005,0,normal_dot_abs,0.042288758212814435,0.0028577452444925517
20260626_155755_pallet_rack_cluster021_ransac_icp_voxel005,0,fpfh_distance,0.012507718357147724,0.00418139935756589
20260626_155755_pallet_rack_cluster021_ransac_icp_voxel005,0,log_normalized_density_ratio,0.03331490173566565,0.006221489078572802
20260626_155755_pallet_rack_cluster021_ransac_icp_voxel005,0,is_mutual_nn,0.0,0.0
20260626_155755_pallet_rack_cluster021_ransac_icp_voxel005,1,distance_T0,0.10050778348078607,0.004603099888533497
20260626_155755_pallet_rack_cluster021_ransac_icp_voxel005,1,point_to_plane_residual,-0.029930583025403013,0.00422403613548352
20260626_155755_pallet_rack_cluster021_ransac_icp_voxel005,1,normal_dot_abs,0.027432066397167266,0.008394782547474146
20260626_155755_pallet_rack_cluster021_ransac_icp_voxel005,1,fpfh_distance,0.0064512199828266285,0.0029524353680407756
20260626_155755_pallet_rack_cluster021_ransac_icp_voxel005,1,log_normalized_density_ratio,0.034441962778222576,0.005964390688664431
20260626_155755_pallet_rack_cluster021_ransac_icp_voxel005,1,is_mutual_nn,0.0,0.0
20260626_155755_pallet_rack_cluster021_ransac_icp_voxel005,2,distance_T0,0.10017722071607045,0.007987976402307478
20260626_155755_pallet_rack_cluster021_ransac_icp_voxel005,2,point_to_plane_residual,0.00044272014201767184,0.0007575848840229039
20260626_155755_pallet_rack_cluster021_ransac_icp_voxel005,2,normal_dot_abs,0.0421167835676175,0.004646453346620944
20260626_155755_pallet_rack_cluster021_ransac_icp_voxel005,2,fpfh_distance,0.0060128414167042845,0.0022144007671965125
20260626_155755_pallet_rack_cluster021_ransac_icp_voxel005,2,log_normalized_density_ratio,0.042768683248270475,0.0036725128731463796
20260626_155755_pallet_rack_cluster021_ransac_icp_voxel005,2,is_mutual_nn,0.0,0.0
20260626_155755_pallet_rack_cluster021_ransac_icp_voxel005,3,distance_T0,0.059239295603430754,0.006391684589768417
20260626_155755_pallet_rack_cluster021_ransac_icp_voxel005,3,point_to_plane_residual,0.0016790441779466424,0.0018911795547207092
20260626_155755_pallet_rack_cluster021_ransac_icp_voxel005,3,normal_dot_abs,0.03995407577497127,0.007709290291425999
20260626_155755_pallet_rack_cluster021_ransac_icp_voxel005,3,fpfh_distance,0.0136515427066348,0.0014282639343796732
20260626_155755_pallet_rack_cluster021_ransac_icp_voxel005,3,log_normalized_density_ratio,0.04249395797354531,0.004339408794444237
20260626_155755_pallet_rack_cluster021_ransac_icp_voxel005,3,is_mutual_nn,0.0,0.0
20260626_155755_pallet_rack_cluster021_ransac_icp_voxel005,4,distance_T0,0.10377849762178126,0.010637723724897179
20260626_155755_pallet_rack_cluster021_ransac_icp_voxel005,4,point_to_plane_residual,-0.03160739611573675,0.0019354163334926954
20260626_155755_pallet_rack_cluster021_ransac_icp_voxel005,4,normal_dot_abs,0.03982412999643026,0.008067314282069412
20260626_155755_pallet_rack_cluster021_ransac_icp_voxel005,4,fpfh_distance,0.015682676629779468,0.008436473173164805
20260626_155755_pallet_rack_cluster021_ransac_icp_voxel005,4,log_normalized_density_ratio,0.037863426082258435,0.002519837409535918
20260626_155755_pallet_rack_cluster021_ransac_icp_voxel005,4,is_mutual_nn,0.0,0.0
20260626_161831_pallet_rack_cluster021_part1_ransac_icp_voxel005,0,distance_T0,0.0924742886264408,0.008396911484134897
20260626_161831_pallet_rack_cluster021_part1_ransac_icp_voxel005,0,point_to_plane_residual,0.0,0.0
20260626_161831_pallet_rack_cluster021_part1_ransac_icp_voxel005,0,normal_dot_abs,0.017376131571237276,0.0064555663002514455
20260626_161831_pallet_rack_cluster021_part1_ransac_icp_voxel005,0,fpfh_distance,0.03486182318614186,0.003131793913575356
20260626_161831_pallet_rack_cluster021_part1_ransac_icp_voxel005,0,log_normalized_density_ratio,-0.004203934373598983,0.004230816781017386
20260626_161831_pallet_rack_cluster021_part1_ransac_icp_voxel005,0,is_mutual_nn,0.0,0.0
20260626_161831_pallet_rack_cluster021_part1_ransac_icp_voxel005,1,distance_T0,0.15050319968835102,0.006116941290672367
20260626_161831_pallet_rack_cluster021_part1_ransac_icp_voxel005,1,point_to_plane_residual,0.0012273465523170435,0.0018144343173978996
20260626_161831_pallet_rack_cluster021_part1_ransac_icp_voxel005,1,normal_dot_abs,0.027352620860258536,0.005572302984501571
20260626_161831_pallet_rack_cluster021_part1_ransac_icp_voxel005,1,fpfh_distance,0.04135973214885828,0.0048103971360907985
20260626_161831_pallet_rack_cluster021_part1_ransac_icp_voxel005,1,log_normalized_density_ratio,0.016237920825739605,0.005228353333857597
20260626_161831_pallet_rack_cluster021_part1_ransac_icp_voxel005,1,is_mutual_nn,0.0,0.0
20260626_161831_pallet_rack_cluster021_part1_ransac_icp_voxel005,2,distance_T0,0.11514819317282361,0.0075849367984611015
20260626_161831_pallet_rack_cluster021_part1_ransac_icp_voxel005,2,point_to_plane_residual,-0.0006507696935647012,0.00024584887195790736
20260626_161831_pallet_rack_cluster021_part1_ransac_icp_voxel005,2,normal_dot_abs,0.01847949713310264,0.009971352544242189
20260626_161831_pallet_rack_cluster021_part1_ransac_icp_voxel005,2,fpfh_distance,0.02302568429350078,0.0031146138552856062
20260626_161831_pallet_rack_cluster021_part1_ransac_icp_voxel005,2,log_normalized_density_ratio,0.017951729632696468,0.0016163269242961094
20260626_161831_pallet_rack_cluster021_part1_ransac_icp_voxel005,2,is_mutual_nn,-6.133796369709455e-05,0.00035765871564531624
20260626_161831_pallet_rack_cluster021_part1_ransac_icp_voxel005,3,distance_T0,0.056508643106363124,0.003365291834785199
20260626_161831_pallet_rack_cluster021_part1_ransac_icp_voxel005,3,point_to_plane_residual,-2.4730944937600974e-05,0.001472900902320551
20260626_161831_pallet_rack_cluster021_part1_ransac_icp_voxel005,3,normal_dot_abs,0.0194738246765237,0.004520528787920226
20260626_161831_pallet_rack_cluster021_part1_ransac_icp_voxel005,3,fpfh_distance,0.005527464073245248,0.004004925622128268
20260626_161831_pallet_rack_cluster021_part1_ransac_icp_voxel005,3,log_normalized_density_ratio,0.0049806426522011945,0.005844720030908811
20260626_161831_pallet_rack_cluster021_part1_ransac_icp_voxel005,3,is_mutual_nn,0.0,0.0
20260626_161831_pallet_rack_cluster021_part1_ransac_icp_voxel005,4,distance_T0,0.08531954142694295,0.005719207135670009
20260626_161831_pallet_rack_cluster021_part1_ransac_icp_voxel005,4,point_to_plane_residual,0.0011968733299271728,0.0011832969138097392
20260626_161831_pallet_rack_cluster021_part1_ransac_icp_voxel005,4,normal_dot_abs,0.03392726753074897,0.012656258602831464
20260626_161831_pallet_rack_cluster021_part1_ransac_icp_voxel005,4,fpfh_distance,0.02446223245391659,0.004846199979052026
20260626_161831_pallet_rack_cluster021_part1_ransac_icp_voxel005,4,log_normalized_density_ratio,0.021467439002984024,0.004143182778758185
20260626_161831_pallet_rack_cluster021_part1_ransac_icp_voxel005,4,is_mutual_nn,0.0,0.0
20260626_161911_pallet_rack_cluster021_part1_refined_from_voxel005,0,distance_T0,-0.30011349220067246,0.011063185284670995
20260626_161911_pallet_rack_cluster021_part1_refined_from_voxel005,0,point_to_plane_residual,-0.015754706828121284,0.0021944170527174183
20260626_161911_pallet_rack_cluster021_part1_refined_from_voxel005,0,normal_dot_abs,0.014902944600804185,0.0027774893221621058
20260626_161911_pallet_rack_cluster021_part1_refined_from_voxel005,0,fpfh_distance,-0.0035698678207215172,0.004253173797077967
20260626_161911_pallet_rack_cluster021_part1_refined_from_voxel005,0,log_normalized_density_ratio,0.01956207664637063,0.0025411715808393376
20260626_161911_pallet_rack_cluster021_part1_refined_from_voxel005,0,is_mutual_nn,0.0,0.0
20260626_161911_pallet_rack_cluster021_part1_refined_from_voxel005,1,distance_T0,-0.3122104399779538,0.010158810570208862
20260626_161911_pallet_rack_cluster021_part1_refined_from_voxel005,1,point_to_plane_residual,0.0,0.0
20260626_161911_pallet_rack_cluster021_part1_refined_from_voxel005,1,normal_dot_abs,-0.0051334837865955165,0.00395869101450963
20260626_161911_pallet_rack_cluster021_part1_refined_from_voxel005,1,fpfh_distance,-0.005934451731571355,0.005752963530501063
20260626_161911_pallet_rack_cluster021_part1_refined_from_voxel005,1,log_normalized_density_ratio,-0.021522181528818213,0.004681272108280036
20260626_161911_pallet_rack_cluster021_part1_refined_from_voxel005,1,is_mutual_nn,0.0,0.0
20260626_161911_pallet_rack_cluster021_part1_refined_from_voxel005,2,distance_T0,-0.26713243039634216,0.01377993168286901
20260626_161911_pallet_rack_cluster021_part1_refined_from_voxel005,2,point_to_plane_residual,-0.004540747939692546,0.0031536581857488375
20260626_161911_pallet_rack_cluster021_part1_refined_from_voxel005,2,normal_dot_abs,0.026755786308535767,0.005191446107542061
20260626_161911_pallet_rack_cluster021_part1_refined_from_voxel005,2,fpfh_distance,-0.013889178779567446,0.0037369508335452534
20260626_161911_pallet_rack_cluster021_part1_refined_from_voxel005,2,log_normalized_density_ratio,0.01111294104601982,0.00442467422734313
20260626_161911_pallet_rack_cluster021_part1_refined_from_voxel005,2,is_mutual_nn,0.0,0.0
20260626_161911_pallet_rack_cluster021_part1_refined_from_voxel005,3,distance_T0,-0.2876554402877745,0.009559299127790744
20260626_161911_pallet_rack_cluster021_part1_refined_from_voxel005,3,point_to_plane_residual,0.022585437124342404,0.0026954230501836617
20260626_161911_pallet_rack_cluster021_part1_refined_from_voxel005,3,normal_dot_abs,-0.004196439345267455,0.005817895756672967
20260626_161911_pallet_rack_cluster021_part1_refined_from_voxel005,3,fpfh_distance,-0.0041330076411559835,0.0044795776647206745
20260626_161911_pallet_rack_cluster021_part1_refined_from_voxel005,3,log_normalized_density_ratio,-0.014445796059733484,0.0029425693655064787
20260626_161911_pallet_rack_cluster021_part1_refined_from_voxel005,3,is_mutual_nn,0.0,0.0
20260626_161911_pallet_rack_cluster021_part1_refined_from_voxel005,4,distance_T0,-0.32445634626861786,0.008074059136015048
20260626_161911_pallet_rack_cluster021_part1_refined_from_voxel005,4,point_to_plane_residual,-0.014027130506246965,0.000871728226617085
20260626_161911_pallet_rack_cluster021_part1_refined_from_voxel005,4,normal_dot_abs,-0.0060837363719674405,0.004178423416955608
20260626_161911_pallet_rack_cluster021_part1_refined_from_voxel005,4,fpfh_distance,0.008433644567213128,0.0032209755385623593
20260626_161911_pallet_rack_cluster021_part1_refined_from_voxel005,4,log_normalized_density_ratio,-0.00340435836140745,0.002339557036637636
20260626_161911_pallet_rack_cluster021_part1_refined_from_voxel005,4,is_mutual_nn,0.0,0.0
20260626_162437_pallet_rack_cluster022_ransac_icp_voxel005,0,distance_T0,-0.06172554981892666,0.004301549630167695
20260626_162437_pallet_rack_cluster022_ransac_icp_voxel005,0,point_to_plane_residual,0.008997075375080432,0.004215417434828292
20260626_162437_pallet_rack_cluster022_ransac_icp_voxel005,0,normal_dot_abs,0.021505601131840312,0.009421346971093082
20260626_162437_pallet_rack_cluster022_ransac_icp_voxel005,0,fpfh_distance,-0.023497217910952117,0.005942915051412264
20260626_162437_pallet_rack_cluster022_ransac_icp_voxel005,0,log_normalized_density_ratio,0.0014829643237992186,0.0033103670654967823
20260626_162437_pallet_rack_cluster022_ransac_icp_voxel005,0,is_mutual_nn,0.0,0.0
20260626_162437_pallet_rack_cluster022_ransac_icp_voxel005,1,distance_T0,-0.06630599812063817,0.007045768465816124
20260626_162437_pallet_rack_cluster022_ransac_icp_voxel005,1,point_to_plane_residual,0.010782849239280735,0.0066365888041696785
20260626_162437_pallet_rack_cluster022_ransac_icp_voxel005,1,normal_dot_abs,0.020969792953448772,0.014988296397313064
20260626_162437_pallet_rack_cluster022_ransac_icp_voxel005,1,fpfh_distance,-0.00978247970183611,0.004832411880896912
20260626_162437_pallet_rack_cluster022_ransac_icp_voxel005,1,log_normalized_density_ratio,0.007257757646785512,0.0030441287513079487
20260626_162437_pallet_rack_cluster022_ransac_icp_voxel005,1,is_mutual_nn,0.0,0.0
20260626_162437_pallet_rack_cluster022_ransac_icp_voxel005,2,distance_T0,-0.06442528480778778,0.012167396497820376
20260626_162437_pallet_rack_cluster022_ransac_icp_voxel005,2,point_to_plane_residual,0.005655401053709619,0.0035207131010008266
20260626_162437_pallet_rack_cluster022_ransac_icp_voxel005,2,normal_dot_abs,-0.0006660542903297762,0.003160025546354892
20260626_162437_pallet_rack_cluster022_ransac_icp_voxel005,2,fpfh_distance,-0.009202538194334453,0.006161274835059838
20260626_162437_pallet_rack_cluster022_ransac_icp_voxel005,2,log_normalized_density_ratio,-0.006099352781561163,0.003914826247029187
20260626_162437_pallet_rack_cluster022_ransac_icp_voxel005,2,is_mutual_nn,0.0,0.0
20260626_162437_pallet_rack_cluster022_ransac_icp_voxel005,3,distance_T0,-0.07094726172753472,0.004294650394909155
20260626_162437_pallet_rack_cluster022_ransac_icp_voxel005,3,point_to_plane_residual,0.004992049665832621,0.005652462733377569
20260626_162437_pallet_rack_cluster022_ransac_icp_voxel005,3,normal_dot_abs,0.0031504017399934916,0.0037447717730209125
20260626_162437_pallet_rack_cluster022_ransac_icp_voxel005,3,fpfh_distance,-0.015347629153336872,0.009754454358835051
20260626_162437_pallet_rack_cluster022_ransac_icp_voxel005,3,log_normalized_density_ratio,0.0017514807893320161,0.00476785128117831
20260626_162437_pallet_rack_cluster022_ransac_icp_voxel005,3,is_mutual_nn,0.0,0.0
20260626_162437_pallet_rack_cluster022_ransac_icp_voxel005,4,distance_T0,-0.0389914372894956,0.004172819154881636
20260626_162437_pallet_rack_cluster022_ransac_icp_voxel005,4,point_to_plane_residual,0.0,0.0
20260626_162437_pallet_rack_cluster022_ransac_icp_voxel005,4,normal_dot_abs,0.0026646817226780527,0.006659499184606049
20260626_162437_pallet_rack_cluster022_ransac_icp_voxel005,4,fpfh_distance,-0.013635213751016163,0.008266240681270744
20260626_162437_pallet_rack_cluster022_ransac_icp_voxel005,4,log_normalized_density_ratio,0.0036079102129591865,0.00267029270036061
20260626_162437_pallet_rack_cluster022_ransac_icp_voxel005,4,is_mutual_nn,0.0,0.0
20260626_163327_pallet_rack_cluster022_part1_ransac_icp_voxel005,0,distance_T0,0.02244602031356129,0.0036429680470273624
20260626_163327_pallet_rack_cluster022_part1_ransac_icp_voxel005,0,point_to_plane_residual,0.035860498568030884,0.00404445325413759
20260626_163327_pallet_rack_cluster022_part1_ransac_icp_voxel005,0,normal_dot_abs,0.08164064416663012,0.005233722108368364
20260626_163327_pallet_rack_cluster022_part1_ransac_icp_voxel005,0,fpfh_distance,0.06812131839299233,0.011787901635785006
20260626_163327_pallet_rack_cluster022_part1_ransac_icp_voxel005,0,log_normalized_density_ratio,0.030118805667964033,0.013098292744379698
20260626_163327_pallet_rack_cluster022_part1_ransac_icp_voxel005,0,is_mutual_nn,0.0,0.0
20260626_163327_pallet_rack_cluster022_part1_ransac_icp_voxel005,1,distance_T0,-0.04705109896211272,0.0028772946373617765
20260626_163327_pallet_rack_cluster022_part1_ransac_icp_voxel005,1,point_to_plane_residual,-0.02174669252561139,0.010313738684631405
20260626_163327_pallet_rack_cluster022_part1_ransac_icp_voxel005,1,normal_dot_abs,0.03647421809833469,0.01515305847003381
20260626_163327_pallet_rack_cluster022_part1_ransac_icp_voxel005,1,fpfh_distance,0.013100710432328277,0.004896553895492694
20260626_163327_pallet_rack_cluster022_part1_ransac_icp_voxel005,1,log_normalized_density_ratio,0.021456489570770888,0.007834102826107393
20260626_163327_pallet_rack_cluster022_part1_ransac_icp_voxel005,1,is_mutual_nn,0.0,0.0
20260626_163327_pallet_rack_cluster022_part1_ransac_icp_voxel005,2,distance_T0,0.057294779058386515,0.003713062058918272
20260626_163327_pallet_rack_cluster022_part1_ransac_icp_voxel005,2,point_to_plane_residual,-0.024554075237133665,0.0022925301328204067
20260626_163327_pallet_rack_cluster022_part1_ransac_icp_voxel005,2,normal_dot_abs,0.07061583714029666,0.010244458258700509
20260626_163327_pallet_rack_cluster022_part1_ransac_icp_voxel005,2,fpfh_distance,0.010150259923714234,0.008470383560622246
20260626_163327_pallet_rack_cluster022_part1_ransac_icp_voxel005,2,log_normalized_density_ratio,0.043483571736620805,0.006942498460827691
20260626_163327_pallet_rack_cluster022_part1_ransac_icp_voxel005,2,is_mutual_nn,0.0,0.0
20260626_163327_pallet_rack_cluster022_part1_ransac_icp_voxel005,3,distance_T0,-0.0017806001100124647,0.0025005075348612828
20260626_163327_pallet_rack_cluster022_part1_ransac_icp_voxel005,3,point_to_plane_residual,0.08806584734097896,0.005471620317478267
20260626_163327_pallet_rack_cluster022_part1_ransac_icp_voxel005,3,normal_dot_abs,0.0941700518297957,0.003341109436411617
20260626_163327_pallet_rack_cluster022_part1_ransac_icp_voxel005,3,fpfh_distance,0.038437462070247716,0.005325897342715692
20260626_163327_pallet_rack_cluster022_part1_ransac_icp_voxel005,3,log_normalized_density_ratio,0.0401547275643094,0.009658493044494882
20260626_163327_pallet_rack_cluster022_part1_ransac_icp_voxel005,3,is_mutual_nn,0.0,0.0
20260626_163327_pallet_rack_cluster022_part1_ransac_icp_voxel005,4,distance_T0,0.07021142528064783,0.005448049892252482
20260626_163327_pallet_rack_cluster022_part1_ransac_icp_voxel005,4,point_to_plane_residual,0.04376202453845139,0.004760609525103616
20260626_163327_pallet_rack_cluster022_part1_ransac_icp_voxel005,4,normal_dot_abs,0.05299557884352668,0.004572683701849282
20260626_163327_pallet_rack_cluster022_part1_ransac_icp_voxel005,4,fpfh_distance,-0.025161015833008227,0.006413137006821658
20260626_163327_pallet_rack_cluster022_part1_ransac_icp_voxel005,4,log_normalized_density_ratio,0.008093531217961391,0.006469746690466466
20260626_163327_pallet_rack_cluster022_part1_ransac_icp_voxel005,4,is_mutual_nn,0.0,0.0
20260703_131528_rm00_0260_02_cluster022_part1_ransac_icp_voxel005,0,distance_T0,-0.017620318828651248,0.005834231790367568
20260703_131528_rm00_0260_02_cluster022_part1_ransac_icp_voxel005,0,point_to_plane_residual,0.032849422772856206,0.005646923692008806
20260703_131528_rm00_0260_02_cluster022_part1_ransac_icp_voxel005,0,normal_dot_abs,0.08841331124058713,0.0065528718304861105
20260703_131528_rm00_0260_02_cluster022_part1_ransac_icp_voxel005,0,fpfh_distance,-0.0015621954125062398,0.0012017366373285134
20260703_131528_rm00_0260_02_cluster022_part1_ransac_icp_voxel005,0,log_normalized_density_ratio,0.014653591515230246,0.0036833273485534887
20260703_131528_rm00_0260_02_cluster022_part1_ransac_icp_voxel005,0,is_mutual_nn,0.0,0.0
20260703_131528_rm00_0260_02_cluster022_part1_ransac_icp_voxel005,1,distance_T0,0.009695809598070815,0.004412611779131013
20260703_131528_rm00_0260_02_cluster022_part1_ransac_icp_voxel005,1,point_to_plane_residual,0.016122199600020214,0.0026333218116612904
20260703_131528_rm00_0260_02_cluster022_part1_ransac_icp_voxel005,1,normal_dot_abs,0.08932806645151507,0.0055130337656346
20260703_131528_rm00_0260_02_cluster022_part1_ransac_icp_voxel005,1,fpfh_distance,-8.474300937861834e-05,0.0022918474090542944
20260703_131528_rm00_0260_02_cluster022_part1_ransac_icp_voxel005,1,log_normalized_density_ratio,0.03268219295775663,0.007531413833661325
20260703_131528_rm00_0260_02_cluster022_part1_ransac_icp_voxel005,1,is_mutual_nn,0.0,0.0
20260703_131528_rm00_0260_02_cluster022_part1_ransac_icp_voxel005,2,distance_T0,-0.018006941887413565,0.00299508053736532
20260703_131528_rm00_0260_02_cluster022_part1_ransac_icp_voxel005,2,point_to_plane_residual,0.02479874663374424,0.00462972291594899
20260703_131528_rm00_0260_02_cluster022_part1_ransac_icp_voxel005,2,normal_dot_abs,0.0784784343029594,0.01052370302212565
20260703_131528_rm00_0260_02_cluster022_part1_ransac_icp_voxel005,2,fpfh_distance,0.0012637447926819646,0.002231694157797159
20260703_131528_rm00_0260_02_cluster022_part1_ransac_icp_voxel005,2,log_normalized_density_ratio,0.011353307053073136,0.003377725383257396
20260703_131528_rm00_0260_02_cluster022_part1_ransac_icp_voxel005,2,is_mutual_nn,0.0,0.0
20260703_131528_rm00_0260_02_cluster022_part1_ransac_icp_voxel005,3,distance_T0,0.09552531641000098,0.006974736523262322
20260703_131528_rm00_0260_02_cluster022_part1_ransac_icp_voxel005,3,point_to_plane_residual,0.009079865999552416,0.001983206105416283
20260703_131528_rm00_0260_02_cluster022_part1_ransac_icp_voxel005,3,normal_dot_abs,0.08867448937598828,0.006499429522702806
20260703_131528_rm00_0260_02_cluster022_part1_ransac_icp_voxel005,3,fpfh_distance,0.004411600135733296,0.001187681535822422
20260703_131528_rm00_0260_02_cluster022_part1_ransac_icp_voxel005,3,log_normalized_density_ratio,0.01067798017428725,0.004971856176267384
20260703_131528_rm00_0260_02_cluster022_part1_ransac_icp_voxel005,3,is_mutual_nn,0.0,0.0
20260703_131528_rm00_0260_02_cluster022_part1_ransac_icp_voxel005,4,distance_T0,0.014260470589934094,0.005796541994515007
20260703_131528_rm00_0260_02_cluster022_part1_ransac_icp_voxel005,4,point_to_plane_residual,0.03189152894799543,0.0058278041713870354
20260703_131528_rm00_0260_02_cluster022_part1_ransac_icp_voxel005,4,normal_dot_abs,0.06654808060242443,0.004721537025047993
20260703_131528_rm00_0260_02_cluster022_part1_ransac_icp_voxel005,4,fpfh_distance,0.001389279964189538,0.0037725598556050165
20260703_131528_rm00_0260_02_cluster022_part1_ransac_icp_voxel005,4,log_normalized_density_ratio,0.018215595601666346,0.003591425366527385
20260703_131528_rm00_0260_02_cluster022_part1_ransac_icp_voxel005,4,is_mutual_nn,0.0,0.0
20260703_135230_rm00_0260_02_cluster029_full_ransac_icp_voxel005,0,distance_T0,-0.03808268221435866,0.004251104285394138
20260703_135230_rm00_0260_02_cluster029_full_ransac_icp_voxel005,0,point_to_plane_residual,0.0026223074548175074,0.001120372771699598
20260703_135230_rm00_0260_02_cluster029_full_ransac_icp_voxel005,0,normal_dot_abs,0.10474707293324145,0.011473112340806725
20260703_135230_rm00_0260_02_cluster029_full_ransac_icp_voxel005,0,fpfh_distance,-0.014443204217826078,0.004928806224755926
20260703_135230_rm00_0260_02_cluster029_full_ransac_icp_voxel005,0,log_normalized_density_ratio,0.029320006174745304,0.004204572041521966
20260703_135230_rm00_0260_02_cluster029_full_ransac_icp_voxel005,0,is_mutual_nn,0.0,0.0
20260703_135230_rm00_0260_02_cluster029_full_ransac_icp_voxel005,1,distance_T0,-0.03614779015365617,0.0033690374261973973
20260703_135230_rm00_0260_02_cluster029_full_ransac_icp_voxel005,1,point_to_plane_residual,-0.00039957726743773404,0.0012742713448663442
20260703_135230_rm00_0260_02_cluster029_full_ransac_icp_voxel005,1,normal_dot_abs,0.12138628969055029,0.007225371619394726
20260703_135230_rm00_0260_02_cluster029_full_ransac_icp_voxel005,1,fpfh_distance,-0.0193192343315838,0.003513224551653435
20260703_135230_rm00_0260_02_cluster029_full_ransac_icp_voxel005,1,log_normalized_density_ratio,0.019695003206117744,0.004920562818070145
20260703_135230_rm00_0260_02_cluster029_full_ransac_icp_voxel005,1,is_mutual_nn,0.0,0.0
20260703_135230_rm00_0260_02_cluster029_full_ransac_icp_voxel005,2,distance_T0,-0.011388367729831117,0.006160077627039456
20260703_135230_rm00_0260_02_cluster029_full_ransac_icp_voxel005,2,point_to_plane_residual,-0.00043882252357092534,0.002843477229844952
20260703_135230_rm00_0260_02_cluster029_full_ransac_icp_voxel005,2,normal_dot_abs,0.11683087135155672,0.01008260138724533
20260703_135230_rm00_0260_02_cluster029_full_ransac_icp_voxel005,2,fpfh_distance,-0.02160644310922173,0.009088537912713376
20260703_135230_rm00_0260_02_cluster029_full_ransac_icp_voxel005,2,log_normalized_density_ratio,0.01843155532334282,0.003740905383525997
20260703_135230_rm00_0260_02_cluster029_full_ransac_icp_voxel005,2,is_mutual_nn,0.0,0.0
20260703_135230_rm00_0260_02_cluster029_full_ransac_icp_voxel005,3,distance_T0,-0.01511506400360969,0.006288476297009276
20260703_135230_rm00_0260_02_cluster029_full_ransac_icp_voxel005,3,point_to_plane_residual,0.0024386087823879297,0.002220740828936785
20260703_135230_rm00_0260_02_cluster029_full_ransac_icp_voxel005,3,normal_dot_abs,0.0893876908827513,0.007234091039831703
20260703_135230_rm00_0260_02_cluster029_full_ransac_icp_voxel005,3,fpfh_distance,-0.0188233547866149,0.007533181676673897
20260703_135230_rm00_0260_02_cluster029_full_ransac_icp_voxel005,3,log_normalized_density_ratio,0.011523321537986719,0.002540374202562809
20260703_135230_rm00_0260_02_cluster029_full_ransac_icp_voxel005,3,is_mutual_nn,0.0,0.0
20260703_135230_rm00_0260_02_cluster029_full_ransac_icp_voxel005,4,distance_T0,-0.006325373453344984,0.0071183886795272286
20260703_135230_rm00_0260_02_cluster029_full_ransac_icp_voxel005,4,point_to_plane_residual,0.0065780036573490856,0.0015185946069279043
20260703_135230_rm00_0260_02_cluster029_full_ransac_icp_voxel005,4,normal_dot_abs,0.12291133303251241,0.0028343107402775056
20260703_135230_rm00_0260_02_cluster029_full_ransac_icp_voxel005,4,fpfh_distance,-0.008949758947443386,0.00619006311660357
20260703_135230_rm00_0260_02_cluster029_full_ransac_icp_voxel005,4,log_normalized_density_ratio,0.007729118673854641,0.0028983225710602486
20260703_135230_rm00_0260_02_cluster029_full_ransac_icp_voxel005,4,is_mutual_nn,0.0,0.0
20260703_135250_rm00_0260_02_cluster029_full_refined_from_voxel005,0,distance_T0,0.06675069383473686,0.008023472720745026
20260703_135250_rm00_0260_02_cluster029_full_refined_from_voxel005,0,point_to_plane_residual,0.02403721190914785,0.006271776336682341
20260703_135250_rm00_0260_02_cluster029_full_refined_from_voxel005,0,normal_dot_abs,0.13533511671463633,0.00670569042539467
20260703_135250_rm00_0260_02_cluster029_full_refined_from_voxel005,0,fpfh_distance,0.018793633817228695,0.0025378247339568677
20260703_135250_rm00_0260_02_cluster029_full_refined_from_voxel005,0,log_normalized_density_ratio,0.011129764771063488,0.004758686455434444
20260703_135250_rm00_0260_02_cluster029_full_refined_from_voxel005,0,is_mutual_nn,0.0,0.0
20260703_135250_rm00_0260_02_cluster029_full_refined_from_voxel005,1,distance_T0,0.031081739452362322,0.010236733132551818
20260703_135250_rm00_0260_02_cluster029_full_refined_from_voxel005,1,point_to_plane_residual,-0.0009356967206266109,0.0009649969292818211
20260703_135250_rm00_0260_02_cluster029_full_refined_from_voxel005,1,normal_dot_abs,0.1289365399917473,0.0073356584965935485
20260703_135250_rm00_0260_02_cluster029_full_refined_from_voxel005,1,fpfh_distance,0.042004028676360085,0.007993228147446877
20260703_135250_rm00_0260_02_cluster029_full_refined_from_voxel005,1,log_normalized_density_ratio,0.05548145510545392,0.007178831360972559
20260703_135250_rm00_0260_02_cluster029_full_refined_from_voxel005,1,is_mutual_nn,0.0,0.0
20260703_135250_rm00_0260_02_cluster029_full_refined_from_voxel005,2,distance_T0,0.021492615593059882,0.007249646402142182
20260703_135250_rm00_0260_02_cluster029_full_refined_from_voxel005,2,point_to_plane_residual,0.0007131811246099629,0.002740742250222725
20260703_135250_rm00_0260_02_cluster029_full_refined_from_voxel005,2,normal_dot_abs,0.13982630671673152,0.008112381641378652
20260703_135250_rm00_0260_02_cluster029_full_refined_from_voxel005,2,fpfh_distance,0.0459238253657495,0.009808502366779284
20260703_135250_rm00_0260_02_cluster029_full_refined_from_voxel005,2,log_normalized_density_ratio,0.05280625460360466,0.004353330717012723
20260703_135250_rm00_0260_02_cluster029_full_refined_from_voxel005,2,is_mutual_nn,0.0,0.0
20260703_135250_rm00_0260_02_cluster029_full_refined_from_voxel005,3,distance_T0,0.03374048588356422,0.006801894697293086
20260703_135250_rm00_0260_02_cluster029_full_refined_from_voxel005,3,point_to_plane_residual,0.0023191241292517483,0.0016091324552766292
20260703_135250_rm00_0260_02_cluster029_full_refined_from_voxel005,3,normal_dot_abs,0.14393532521856273,0.00770152253185179
20260703_135250_rm00_0260_02_cluster029_full_refined_from_voxel005,3,fpfh_distance,0.007947830312254479,0.0021446713251149275
20260703_135250_rm00_0260_02_cluster029_full_refined_from_voxel005,3,log_normalized_density_ratio,0.03218339090115607,0.006130650020485723
20260703_135250_rm00_0260_02_cluster029_full_refined_from_voxel005,3,is_mutual_nn,0.0,0.0
20260703_135250_rm00_0260_02_cluster029_full_refined_from_voxel005,4,distance_T0,0.022174945335206718,0.00921165771673404
20260703_135250_rm00_0260_02_cluster029_full_refined_from_voxel005,4,point_to_plane_residual,0.0,0.0
20260703_135250_rm00_0260_02_cluster029_full_refined_from_voxel005,4,normal_dot_abs,0.13537650898610787,0.012501945264370639
20260703_135250_rm00_0260_02_cluster029_full_refined_from_voxel005,4,fpfh_distance,0.04310927945310785,0.004375233122599879
20260703_135250_rm00_0260_02_cluster029_full_refined_from_voxel005,4,log_normalized_density_ratio,0.03160299926856518,0.004505770515026303
20260703_135250_rm00_0260_02_cluster029_full_refined_from_voxel005,4,is_mutual_nn,0.0,0.0
20260706_122711_metal_tab2_cluster009_part1_refined_from_identity,0,distance_T0,-0.03815825834542812,0.0032444310167723607
20260706_122711_metal_tab2_cluster009_part1_refined_from_identity,0,point_to_plane_residual,0.01380777109682767,0.0028265179986684133
20260706_122711_metal_tab2_cluster009_part1_refined_from_identity,0,normal_dot_abs,0.055147020526643144,0.0041588526144398985
20260706_122711_metal_tab2_cluster009_part1_refined_from_identity,0,fpfh_distance,-0.01136698320547378,0.0031923884285694967
20260706_122711_metal_tab2_cluster009_part1_refined_from_identity,0,log_normalized_density_ratio,0.0036487331536387835,0.005530288459659387
20260706_122711_metal_tab2_cluster009_part1_refined_from_identity,0,is_mutual_nn,0.0,0.0
20260706_122711_metal_tab2_cluster009_part1_refined_from_identity,1,distance_T0,-0.019314667219572736,0.0023653983492710113
20260706_122711_metal_tab2_cluster009_part1_refined_from_identity,1,point_to_plane_residual,-0.005387849885963081,0.003021130630542045
20260706_122711_metal_tab2_cluster009_part1_refined_from_identity,1,normal_dot_abs,0.0606277420692516,0.004285385494524404
20260706_122711_metal_tab2_cluster009_part1_refined_from_identity,1,fpfh_distance,0.010143014721128062,0.0032485738380296533
20260706_122711_metal_tab2_cluster009_part1_refined_from_identity,1,log_normalized_density_ratio,0.0018363674061787848,0.001842320042064782
20260706_122711_metal_tab2_cluster009_part1_refined_from_identity,1,is_mutual_nn,0.0,0.0
20260706_122711_metal_tab2_cluster009_part1_refined_from_identity,2,distance_T0,-0.016182608335061067,0.002602272288256455
20260706_122711_metal_tab2_cluster009_part1_refined_from_identity,2,point_to_plane_residual,0.009641069873522779,0.002270574047868791
20260706_122711_metal_tab2_cluster009_part1_refined_from_identity,2,normal_dot_abs,0.060180236367406235,0.0022849431785258692
20260706_122711_metal_tab2_cluster009_part1_refined_from_identity,2,fpfh_distance,-0.011482463197180093,0.01014522722412205
20260706_122711_metal_tab2_cluster009_part1_refined_from_identity,2,log_normalized_density_ratio,0.008129181007671593,0.0038327287726803543
20260706_122711_metal_tab2_cluster009_part1_refined_from_identity,2,is_mutual_nn,0.0,0.0
20260706_122711_metal_tab2_cluster009_part1_refined_from_identity,3,distance_T0,-0.02092591333195095,0.0034629867663843817
20260706_122711_metal_tab2_cluster009_part1_refined_from_identity,3,point_to_plane_residual,-0.011073257308728945,0.000839961865416724
20260706_122711_metal_tab2_cluster009_part1_refined_from_identity,3,normal_dot_abs,0.05215863985071536,0.0033616891160401317
20260706_122711_metal_tab2_cluster009_part1_refined_from_identity,3,fpfh_distance,-0.004552933858594188,0.004455774283475267
20260706_122711_metal_tab2_cluster009_part1_refined_from_identity,3,log_normalized_density_ratio,-0.001656081277213306,0.005972630720455586
20260706_122711_metal_tab2_cluster009_part1_refined_from_identity,3,is_mutual_nn,0.0,0.0
20260706_122711_metal_tab2_cluster009_part1_refined_from_identity,4,distance_T0,-0.02216976985278867,0.005593311177104116
20260706_122711_metal_tab2_cluster009_part1_refined_from_identity,4,point_to_plane_residual,0.01907526435828315,0.0026797533174955862
20260706_122711_metal_tab2_cluster009_part1_refined_from_identity,4,normal_dot_abs,0.07756722371967649,0.005955059891602284
20260706_122711_metal_tab2_cluster009_part1_refined_from_identity,4,fpfh_distance,0.0013844660999376979,0.003406232150178745
20260706_122711_metal_tab2_cluster009_part1_refined_from_identity,4,log_normalized_density_ratio,-0.003454447439353103,0.00144425476854728
20260706_122711_metal_tab2_cluster009_part1_refined_from_identity,4,is_mutual_nn,0.0,0.0
20260706_130424_table_cluster004_table1_refined_from_identity_scale1,0,distance_T0,0.017312578108933253,0.005375036261440338
20260706_130424_table_cluster004_table1_refined_from_identity_scale1,0,point_to_plane_residual,-0.009419897805831101,0.008012575174571556
20260706_130424_table_cluster004_table1_refined_from_identity_scale1,0,normal_dot_abs,-0.0002695648047079446,0.01945929306730985
20260706_130424_table_cluster004_table1_refined_from_identity_scale1,0,fpfh_distance,0.08316105864300058,0.008098592604732082
20260706_130424_table_cluster004_table1_refined_from_identity_scale1,0,log_normalized_density_ratio,0.015777134450192153,0.008224602107640035
20260706_130424_table_cluster004_table1_refined_from_identity_scale1,0,is_mutual_nn,0.0,0.0
20260706_130424_table_cluster004_table1_refined_from_identity_scale1,1,distance_T0,0.003761251641276242,0.02123164643221782
20260706_130424_table_cluster004_table1_refined_from_identity_scale1,1,point_to_plane_residual,-0.0019654185056871666,0.00018769351627115956
20260706_130424_table_cluster004_table1_refined_from_identity_scale1,1,normal_dot_abs,-0.010917690981285522,0.013034384931865555
20260706_130424_table_cluster004_table1_refined_from_identity_scale1,1,fpfh_distance,0.0006761267460807074,0.0022088603229838935
20260706_130424_table_cluster004_table1_refined_from_identity_scale1,1,log_normalized_density_ratio,0.008809580307848019,0.004251450488087942
20260706_130424_table_cluster004_table1_refined_from_identity_scale1,1,is_mutual_nn,0.0,0.0
20260706_130424_table_cluster004_table1_refined_from_identity_scale1,2,distance_T0,0.005163494850742634,0.019139440121951075
20260706_130424_table_cluster004_table1_refined_from_identity_scale1,2,point_to_plane_residual,-0.00808852609431605,0.004115387252727718
20260706_130424_table_cluster004_table1_refined_from_identity_scale1,2,normal_dot_abs,-0.012271210035910451,0.011087470289379177
20260706_130424_table_cluster004_table1_refined_from_identity_scale1,2,fpfh_distance,0.0564937591951022,0.009684218255288743
20260706_130424_table_cluster004_table1_refined_from_identity_scale1,2,log_normalized_density_ratio,0.016168826032619776,0.006089644196965594
20260706_130424_table_cluster004_table1_refined_from_identity_scale1,2,is_mutual_nn,0.0,0.0
20260706_130424_table_cluster004_table1_refined_from_identity_scale1,3,distance_T0,0.03079050195371208,0.006134089563662338
20260706_130424_table_cluster004_table1_refined_from_identity_scale1,3,point_to_plane_residual,-0.029725847531362204,0.0035448280348164343
20260706_130424_table_cluster004_table1_refined_from_identity_scale1,3,normal_dot_abs,-0.006979260595130732,0.016003727989826966
20260706_130424_table_cluster004_table1_refined_from_identity_scale1,3,fpfh_distance,-0.0019163779602296982,0.0008607351898379477
20260706_130424_table_cluster004_table1_refined_from_identity_scale1,3,log_normalized_density_ratio,-0.001066552766044948,0.0020465857032278744
20260706_130424_table_cluster004_table1_refined_from_identity_scale1,3,is_mutual_nn,0.0,0.0
20260706_130424_table_cluster004_table1_refined_from_identity_scale1,4,distance_T0,-0.007269707180484986,0.013935939320446658
20260706_130424_table_cluster004_table1_refined_from_identity_scale1,4,point_to_plane_residual,-0.008671317608719665,0.0058505261547052295
20260706_130424_table_cluster004_table1_refined_from_identity_scale1,4,normal_dot_abs,0.011027478524987,0.0033360076201788295
20260706_130424_table_cluster004_table1_refined_from_identity_scale1,4,fpfh_distance,0.0869675541423442,0.014213387359809135
20260706_130424_table_cluster004_table1_refined_from_identity_scale1,4,log_normalized_density_ratio,0.04086785945928848,0.014310210848230184
20260706_130424_table_cluster004_table1_refined_from_identity_scale1,4,is_mutual_nn,0.0,0.0
20260706_145031_table2_cluster004_table2_refined_from_identity,0,distance_T0,0.026703291239932293,0.004959997959717792
20260706_145031_table2_cluster004_table2_refined_from_identity,0,point_to_plane_residual,-0.01315024361141499,0.003787710583890728
20260706_145031_table2_cluster004_table2_refined_from_identity,0,normal_dot_abs,0.05280252560405685,0.006152835969056613
20260706_145031_table2_cluster004_table2_refined_from_identity,0,fpfh_distance,0.027623943521924897,0.005100027775527077
20260706_145031_table2_cluster004_table2_refined_from_identity,0,log_normalized_density_ratio,0.0004914984587848226,0.001902306275991873
20260706_145031_table2_cluster004_table2_refined_from_identity,0,is_mutual_nn,0.0,0.0
20260706_145031_table2_cluster004_table2_refined_from_identity,1,distance_T0,-0.0075263000894898015,0.006296822188862787
20260706_145031_table2_cluster004_table2_refined_from_identity,1,point_to_plane_residual,0.0,0.0
20260706_145031_table2_cluster004_table2_refined_from_identity,1,normal_dot_abs,0.03229203539823011,0.005089372981077474
20260706_145031_table2_cluster004_table2_refined_from_identity,1,fpfh_distance,0.0074213980312221265,0.003549577965695292
20260706_145031_table2_cluster004_table2_refined_from_identity,1,log_normalized_density_ratio,0.006851148453813361,0.0018051564515385301
20260706_145031_table2_cluster004_table2_refined_from_identity,1,is_mutual_nn,0.0,0.0
20260706_145031_table2_cluster004_table2_refined_from_identity,2,distance_T0,0.0003262404295517607,0.004154736535118639
20260706_145031_table2_cluster004_table2_refined_from_identity,2,point_to_plane_residual,-0.0006779854827481779,0.002332415971996828
20260706_145031_table2_cluster004_table2_refined_from_identity,2,normal_dot_abs,0.07629954260713946,0.009255277814711292
20260706_145031_table2_cluster004_table2_refined_from_identity,2,fpfh_distance,0.01460828278810793,0.00523620697026507
20260706_145031_table2_cluster004_table2_refined_from_identity,2,log_normalized_density_ratio,-2.1875310727947904e-06,0.00016352908027363424
20260706_145031_table2_cluster004_table2_refined_from_identity,2,is_mutual_nn,0.0,0.0
20260706_145031_table2_cluster004_table2_refined_from_identity,3,distance_T0,-0.01542477876106183,0.0044995858831694815
20260706_145031_table2_cluster004_table2_refined_from_identity,3,point_to_plane_residual,0.0,0.0
20260706_145031_table2_cluster004_table2_refined_from_identity,3,normal_dot_abs,0.05708730237645425,0.005239799461726298
20260706_145031_table2_cluster004_table2_refined_from_identity,3,fpfh_distance,0.020739733518942094,0.005588425271503473
20260706_145031_table2_cluster004_table2_refined_from_identity,3,log_normalized_density_ratio,0.003353584567962642,0.0013546006308131494
20260706_145031_table2_cluster004_table2_refined_from_identity,3,is_mutual_nn,0.0,0.0
20260706_145031_table2_cluster004_table2_refined_from_identity,4,distance_T0,0.025936064432733396,0.005107810413421882
20260706_145031_table2_cluster004_table2_refined_from_identity,4,point_to_plane_residual,-0.01122795068111757,0.001872138601215793
20260706_145031_table2_cluster004_table2_refined_from_identity,4,normal_dot_abs,0.054428557223824225,0.007528161415923593
20260706_145031_table2_cluster004_table2_refined_from_identity,4,fpfh_distance,0.016441433827184992,0.0037940968871827815
20260706_145031_table2_cluster004_table2_refined_from_identity,4,log_normalized_density_ratio,-0.001545888435915277,0.002493740193046893
20260706_145031_table2_cluster004_table2_refined_from_identity,4,is_mutual_nn,0.0,0.0
20260706_150131_table3_cluster004_table3_refined_from_identity,0,distance_T0,-0.11934471987771648,0.01318936731785905
20260706_150131_table3_cluster004_table3_refined_from_identity,0,point_to_plane_residual,0.0,0.0
20260706_150131_table3_cluster004_table3_refined_from_identity,0,normal_dot_abs,-0.042119027048581115,0.01198104323015017
20260706_150131_table3_cluster004_table3_refined_from_identity,0,fpfh_distance,0.01587359606566091,0.005921557551094669
20260706_150131_table3_cluster004_table3_refined_from_identity,0,log_normalized_density_ratio,0.006423871868146425,0.0015071467956398628
20260706_150131_table3_cluster004_table3_refined_from_identity,0,is_mutual_nn,0.0,0.0
20260706_150131_table3_cluster004_table3_refined_from_identity,1,distance_T0,-0.023867880640659277,0.006149872030440021
20260706_150131_table3_cluster004_table3_refined_from_identity,1,point_to_plane_residual,-0.009169601914002823,0.0028372385454920436
20260706_150131_table3_cluster004_table3_refined_from_identity,1,normal_dot_abs,-0.029362995946035773,0.00743743913567445
20260706_150131_table3_cluster004_table3_refined_from_identity,1,fpfh_distance,0.014207483219246341,0.009802486974955426
20260706_150131_table3_cluster004_table3_refined_from_identity,1,log_normalized_density_ratio,0.020139894995680186,0.004117745567825627
20260706_150131_table3_cluster004_table3_refined_from_identity,1,is_mutual_nn,0.0,0.0
20260706_150131_table3_cluster004_table3_refined_from_identity,2,distance_T0,-0.024717551671429593,0.006356395620521378
20260706_150131_table3_cluster004_table3_refined_from_identity,2,point_to_plane_residual,0.0,0.0
20260706_150131_table3_cluster004_table3_refined_from_identity,2,normal_dot_abs,-0.026247424735827796,0.015767203730974275
20260706_150131_table3_cluster004_table3_refined_from_identity,2,fpfh_distance,0.02046022462949416,0.016453762357809768
20260706_150131_table3_cluster004_table3_refined_from_identity,2,log_normalized_density_ratio,0.01581012826477035,0.007779880454844524
20260706_150131_table3_cluster004_table3_refined_from_identity,2,is_mutual_nn,0.0,0.0
20260706_150131_table3_cluster004_table3_refined_from_identity,3,distance_T0,0.030020269821226818,0.0034846994210868823
20260706_150131_table3_cluster004_table3_refined_from_identity,3,point_to_plane_residual,0.00012361268026848116,0.00032187705255814835
20260706_150131_table3_cluster004_table3_refined_from_identity,3,normal_dot_abs,-0.035704459360669925,0.004880824757836948
20260706_150131_table3_cluster004_table3_refined_from_identity,3,fpfh_distance,0.053874194191533185,0.013788950891746928
20260706_150131_table3_cluster004_table3_refined_from_identity,3,log_normalized_density_ratio,-0.011585033561507274,0.013624105298737556
20260706_150131_table3_cluster004_table3_refined_from_identity,3,is_mutual_nn,0.0,0.0
20260706_150131_table3_cluster004_table3_refined_from_identity,4,distance_T0,-0.16223632617797565,0.015564721763125509
20260706_150131_table3_cluster004_table3_refined_from_identity,4,point_to_plane_residual,0.014920582175849028,0.002676638050649301
20260706_150131_table3_cluster004_table3_refined_from_identity,4,normal_dot_abs,-0.015712102080148883,0.010734349648619175
20260706_150131_table3_cluster004_table3_refined_from_identity,4,fpfh_distance,0.00789227088456168,0.008480196051254645
20260706_150131_table3_cluster004_table3_refined_from_identity,4,log_normalized_density_ratio,0.009344055293414023,0.002938896686589247
20260706_150131_table3_cluster004_table3_refined_from_identity,4,is_mutual_nn,0.0,0.0
20260706_153654_table_fanuc_cluster000_table1_refined_from_identity,0,distance_T0,-0.006538878897564926,0.0008457580272844308
20260706_153654_table_fanuc_cluster000_table1_refined_from_identity,0,point_to_plane_residual,-0.019268819372400325,0.0019363143841147486
20260706_153654_table_fanuc_cluster000_table1_refined_from_identity,0,normal_dot_abs,0.01532762147589022,0.008474547396008536
20260706_153654_table_fanuc_cluster000_table1_refined_from_identity,0,fpfh_distance,0.00942930749826285,0.003397979430893377
20260706_153654_table_fanuc_cluster000_table1_refined_from_identity,0,log_normalized_density_ratio,-0.006650915425700799,0.005878064168036526
20260706_153654_table_fanuc_cluster000_table1_refined_from_identity,0,is_mutual_nn,0.0,0.0
20260706_153654_table_fanuc_cluster000_table1_refined_from_identity,1,distance_T0,0.08379665614054484,0.006799449784043859
20260706_153654_table_fanuc_cluster000_table1_refined_from_identity,1,point_to_plane_residual,0.005251298962456042,0.004419826306338942
20260706_153654_table_fanuc_cluster000_table1_refined_from_identity,1,normal_dot_abs,0.00869131361880684,0.011090764626679576
20260706_153654_table_fanuc_cluster000_table1_refined_from_identity,1,fpfh_distance,0.015223308801290369,0.005616518967270259
20260706_153654_table_fanuc_cluster000_table1_refined_from_identity,1,log_normalized_density_ratio,0.035428692842128726,0.005697269979547639
20260706_153654_table_fanuc_cluster000_table1_refined_from_identity,1,is_mutual_nn,0.0,0.0
20260706_153654_table_fanuc_cluster000_table1_refined_from_identity,2,distance_T0,0.023179826487017975,0.0043910611107485535
20260706_153654_table_fanuc_cluster000_table1_refined_from_identity,2,point_to_plane_residual,-0.007830469816264429,0.0036596356731741237
20260706_153654_table_fanuc_cluster000_table1_refined_from_identity,2,normal_dot_abs,0.02285282291941069,0.007846248292872207
20260706_153654_table_fanuc_cluster000_table1_refined_from_identity,2,fpfh_distance,0.006242147415571497,0.007176844198942496
20260706_153654_table_fanuc_cluster000_table1_refined_from_identity,2,log_normalized_density_ratio,0.0023604367419105764,0.006382009993674085
20260706_153654_table_fanuc_cluster000_table1_refined_from_identity,2,is_mutual_nn,0.0,0.0
20260706_153654_table_fanuc_cluster000_table1_refined_from_identity,3,distance_T0,0.06669097647937541,0.006547294825065936
20260706_153654_table_fanuc_cluster000_table1_refined_from_identity,3,point_to_plane_residual,0.0,0.0
20260706_153654_table_fanuc_cluster000_table1_refined_from_identity,3,normal_dot_abs,0.03780444178490931,0.005219547635473887
20260706_153654_table_fanuc_cluster000_table1_refined_from_identity,3,fpfh_distance,0.033153543704002385,0.0017383904467866602
20260706_153654_table_fanuc_cluster000_table1_refined_from_identity,3,log_normalized_density_ratio,0.01366062417408962,0.004482761633534447
20260706_153654_table_fanuc_cluster000_table1_refined_from_identity,3,is_mutual_nn,0.0,0.0
20260706_153654_table_fanuc_cluster000_table1_refined_from_identity,4,distance_T0,0.06472437496409089,0.004783336898305869
20260706_153654_table_fanuc_cluster000_table1_refined_from_identity,4,point_to_plane_residual,0.006402044734391566,0.004663310951947335
20260706_153654_table_fanuc_cluster000_table1_refined_from_identity,4,normal_dot_abs,0.03655179534877677,0.0067796015614509245
20260706_153654_table_fanuc_cluster000_table1_refined_from_identity,4,fpfh_distance,0.020428806667338838,0.005816051776656989
20260706_153654_table_fanuc_cluster000_table1_refined_from_identity,4,log_normalized_density_ratio,0.02009153172959035,0.00542662703197809
20260706_153654_table_fanuc_cluster000_table1_refined_from_identity,4,is_mutual_nn,0.0,0.0
20260706_163516_mir_charger_cluster025_ransac_icp_voxel005,0,distance_T0,0.11549274915149652,0.00940535231652383
20260706_163516_mir_charger_cluster025_ransac_icp_voxel005,0,point_to_plane_residual,0.0,0.0
20260706_163516_mir_charger_cluster025_ransac_icp_voxel005,0,normal_dot_abs,0.055337241592101225,0.015052048263325681
20260706_163516_mir_charger_cluster025_ransac_icp_voxel005,0,fpfh_distance,0.0030509102128972953,0.007665353010131869
20260706_163516_mir_charger_cluster025_ransac_icp_voxel005,0,log_normalized_density_ratio,0.031201481024375255,0.009745409855452717
20260706_163516_mir_charger_cluster025_ransac_icp_voxel005,0,is_mutual_nn,0.0,0.0
20260706_163516_mir_charger_cluster025_ransac_icp_voxel005,1,distance_T0,0.06680283863005251,0.01016556489295933
20260706_163516_mir_charger_cluster025_ransac_icp_voxel005,1,point_to_plane_residual,0.0,0.0
20260706_163516_mir_charger_cluster025_ransac_icp_voxel005,1,normal_dot_abs,0.04955754396791123,0.01659430663954637
20260706_163516_mir_charger_cluster025_ransac_icp_voxel005,1,fpfh_distance,-0.03575192841715513,0.017725044586750126
20260706_163516_mir_charger_cluster025_ransac_icp_voxel005,1,log_normalized_density_ratio,0.028851589015735923,0.009104669035130061
20260706_163516_mir_charger_cluster025_ransac_icp_voxel005,1,is_mutual_nn,0.0,0.0
20260706_163516_mir_charger_cluster025_ransac_icp_voxel005,2,distance_T0,0.12177599506325207,0.010699414854544741
20260706_163516_mir_charger_cluster025_ransac_icp_voxel005,2,point_to_plane_residual,0.0,0.0
20260706_163516_mir_charger_cluster025_ransac_icp_voxel005,2,normal_dot_abs,0.041262573279851875,0.017458545959814085
20260706_163516_mir_charger_cluster025_ransac_icp_voxel005,2,fpfh_distance,-0.009659981487195268,0.011724652624430874
20260706_163516_mir_charger_cluster025_ransac_icp_voxel005,2,log_normalized_density_ratio,0.044261647639617416,0.010116331566377222
20260706_163516_mir_charger_cluster025_ransac_icp_voxel005,2,is_mutual_nn,0.0,0.0
20260706_163516_mir_charger_cluster025_ransac_icp_voxel005,3,distance_T0,0.00561925331687736,0.009555283787007898
20260706_163516_mir_charger_cluster025_ransac_icp_voxel005,3,point_to_plane_residual,-6.661338147750939e-17,5.438959822042074e-17
20260706_163516_mir_charger_cluster025_ransac_icp_voxel005,3,normal_dot_abs,0.06394446158593017,0.02005218205603696
20260706_163516_mir_charger_cluster025_ransac_icp_voxel005,3,fpfh_distance,0.004195001542733645,0.0088858646120818
20260706_163516_mir_charger_cluster025_ransac_icp_voxel005,3,log_normalized_density_ratio,0.04667324899722303,0.007456097915706925
20260706_163516_mir_charger_cluster025_ransac_icp_voxel005,3,is_mutual_nn,0.0,0.0
20260706_163516_mir_charger_cluster025_ransac_icp_voxel005,4,distance_T0,0.06454180808392469,0.01948271710115917
20260706_163516_mir_charger_cluster025_ransac_icp_voxel005,4,point_to_plane_residual,0.0006553532860228195,0.00014563406356065122
20260706_163516_mir_charger_cluster025_ransac_icp_voxel005,4,normal_dot_abs,0.04685344029620475,0.01552684555873473
20260706_163516_mir_charger_cluster025_ransac_icp_voxel005,4,fpfh_distance,-0.004829373650107982,0.007700482750293388
20260706_163516_mir_charger_cluster025_ransac_icp_voxel005,4,log_normalized_density_ratio,0.02410984264116005,0.013842506582923473
20260706_163516_mir_charger_cluster025_ransac_icp_voxel005,4,is_mutual_nn,0.0,0.0
20260706_163705_mir_charger_cluster025_refined_from_identity,0,distance_T0,0.03189235007416824,0.009312985932072092
20260706_163705_mir_charger_cluster025_refined_from_identity,0,point_to_plane_residual,-0.0016317016317016543,0.0008694739664729205
20260706_163705_mir_charger_cluster025_refined_from_identity,0,normal_dot_abs,0.09198982835346467,0.018295383287211565
20260706_163705_mir_charger_cluster025_refined_from_identity,0,fpfh_distance,0.028470014833651146,0.030638058499663244
20260706_163705_mir_charger_cluster025_refined_from_identity,0,log_normalized_density_ratio,0.02870311506675145,0.054699004385379967
20260706_163705_mir_charger_cluster025_refined_from_identity,0,is_mutual_nn,0.0,0.0
20260706_163705_mir_charger_cluster025_refined_from_identity,1,distance_T0,0.17162534435261725,0.04161119349789498
20260706_163705_mir_charger_cluster025_refined_from_identity,1,point_to_plane_residual,2.2204460492503132e-17,0.0002010348162853192
20260706_163705_mir_charger_cluster025_refined_from_identity,1,normal_dot_abs,0.17051282051282066,0.023864661751881858
20260706_163705_mir_charger_cluster025_refined_from_identity,1,fpfh_distance,0.03854630218266595,0.03101373550593147
20260706_163705_mir_charger_cluster025_refined_from_identity,1,log_normalized_density_ratio,0.04681076499258341,0.02846433009676849
20260706_163705_mir_charger_cluster025_refined_from_identity,1,is_mutual_nn,0.0,0.0
20260706_163705_mir_charger_cluster025_refined_from_identity,2,distance_T0,0.22696545878364072,0.027086626404890478
20260706_163705_mir_charger_cluster025_refined_from_identity,2,point_to_plane_residual,0.0,0.0
20260706_163705_mir_charger_cluster025_refined_from_identity,2,normal_dot_abs,0.13952108497563048,0.030296761288480963
20260706_163705_mir_charger_cluster025_refined_from_identity,2,fpfh_distance,0.023500741682559955,0.049611568125826726
20260706_163705_mir_charger_cluster025_refined_from_identity,2,log_normalized_density_ratio,0.07149819877092616,0.041380854637966404
20260706_163705_mir_charger_cluster025_refined_from_identity,2,is_mutual_nn,0.0,0.0
20260706_163705_mir_charger_cluster025_refined_from_identity,3,distance_T0,0.24975630430175885,0.018822646256491583
20260706_163705_mir_charger_cluster025_refined_from_identity,3,point_to_plane_residual,0.0,0.0
20260706_163705_mir_charger_cluster025_refined_from_identity,3,normal_dot_abs,0.12623437168891719,0.025183671012483724
20260706_163705_mir_charger_cluster025_refined_from_identity,3,fpfh_distance,0.04187327823691458,0.022064597607961277
20260706_163705_mir_charger_cluster025_refined_from_identity,3,log_normalized_density_ratio,0.02001483365119725,0.016267658993311115
20260706_163705_mir_charger_cluster025_refined_from_identity,3,is_mutual_nn,0.0,0.0
20260706_163705_mir_charger_cluster025_refined_from_identity,4,distance_T0,0.09081373172282266,0.016184461151713462
20260706_163705_mir_charger_cluster025_refined_from_identity,4,point_to_plane_residual,0.0,0.0
20260706_163705_mir_charger_cluster025_refined_from_identity,4,normal_dot_abs,0.13552659461750372,0.0382732254069408
20260706_163705_mir_charger_cluster025_refined_from_identity,4,fpfh_distance,-0.015956770502225014,0.014192363534595138
20260706_163705_mir_charger_cluster025_refined_from_identity,4,log_normalized_density_ratio,-0.007194320830684475,0.038204247188713826
20260706_163705_mir_charger_cluster025_refined_from_identity,4,is_mutual_nn,0.0,0.0
20260707_154904_ur10_choko_base_cluster016_base_refined_from_center_v2,0,distance_T0,0.11028079960240755,0.01019597330919811
20260707_154904_ur10_choko_base_cluster016_base_refined_from_center_v2,0,point_to_plane_residual,0.0,0.0
20260707_154904_ur10_choko_base_cluster016_base_refined_from_center_v2,0,normal_dot_abs,0.08653708100944273,0.022329800784993477
20260707_154904_ur10_choko_base_cluster016_base_refined_from_center_v2,0,fpfh_distance,0.00016428295322770125,0.0027303199549589302
20260707_154904_ur10_choko_base_cluster016_base_refined_from_center_v2,0,log_normalized_density_ratio,0.03793279584736864,0.005153967278826851
20260707_154904_ur10_choko_base_cluster016_base_refined_from_center_v2,0,is_mutual_nn,0.0,0.0
20260707_154904_ur10_choko_base_cluster016_base_refined_from_center_v2,1,distance_T0,0.10439560439560429,0.006899832382922816
20260707_154904_ur10_choko_base_cluster016_base_refined_from_center_v2,1,point_to_plane_residual,0.07514219448892809,0.029658053706206458
20260707_154904_ur10_choko_base_cluster016_base_refined_from_center_v2,1,normal_dot_abs,0.0499378761941575,0.02401191534280794
20260707_154904_ur10_choko_base_cluster016_base_refined_from_center_v2,1,fpfh_distance,0.017683196200784047,0.014717581145575222
20260707_154904_ur10_choko_base_cluster016_base_refined_from_center_v2,1,log_normalized_density_ratio,0.014738527803854363,0.01015133449517358
20260707_154904_ur10_choko_base_cluster016_base_refined_from_center_v2,1,is_mutual_nn,0.0,0.0
20260707_154904_ur10_choko_base_cluster016_base_refined_from_center_v2,2,distance_T0,0.2174277983323209,0.01962299283122476
20260707_154904_ur10_choko_base_cluster016_base_refined_from_center_v2,2,point_to_plane_residual,-0.003091004472914061,0.0004575032343521165
20260707_154904_ur10_choko_base_cluster016_base_refined_from_center_v2,2,normal_dot_abs,0.03793417637638741,0.016135300240947316
20260707_154904_ur10_choko_base_cluster016_base_refined_from_center_v2,2,fpfh_distance,0.011585399525097939,0.01170934781759939
20260707_154904_ur10_choko_base_cluster016_base_refined_from_center_v2,2,log_normalized_density_ratio,-0.003099287647026405,0.017341440961268665
20260707_154904_ur10_choko_base_cluster016_base_refined_from_center_v2,2,is_mutual_nn,0.0,0.0
20260707_154904_ur10_choko_base_cluster016_base_refined_from_center_v2,3,distance_T0,0.3104133303882048,0.018512624107177637
20260707_154904_ur10_choko_base_cluster016_base_refined_from_center_v2,3,point_to_plane_residual,-0.00015461925009656595,7.730962504828299e-05
20260707_154904_ur10_choko_base_cluster016_base_refined_from_center_v2,3,normal_dot_abs,0.06438649290408091,0.00894230614685982
20260707_154904_ur10_choko_base_cluster016_base_refined_from_center_v2,3,fpfh_distance,0.0073471754376277735,0.007346397454587655
20260707_154904_ur10_choko_base_cluster016_base_refined_from_center_v2,3,log_normalized_density_ratio,-0.011954000773096185,0.011787398982027785
20260707_154904_ur10_choko_base_cluster016_base_refined_from_center_v2,3,is_mutual_nn,0.0,0.0
20260707_154904_ur10_choko_base_cluster016_base_refined_from_center_v2,4,distance_T0,0.2791885250427965,0.023111222101283427
20260707_154904_ur10_choko_base_cluster016_base_refined_from_center_v2,4,point_to_plane_residual,4.417692859903788e-05,1.033093320110586e-05
20260707_154904_ur10_choko_base_cluster016_base_refined_from_center_v2,4,normal_dot_abs,0.05896653597658634,0.012012078586115823
20260707_154904_ur10_choko_base_cluster016_base_refined_from_center_v2,4,fpfh_distance,0.017074382903528786,0.0067888272132952026
20260707_154904_ur10_choko_base_cluster016_base_refined_from_center_v2,4,log_normalized_density_ratio,0.011715169252857805,0.0022979916320280775
20260707_154904_ur10_choko_base_cluster016_base_refined_from_center_v2,4,is_mutual_nn,0.0,0.0
