model,heldout_real_case,repeat_idx,train_original_rows,train_balanced_rows,test_rows,train_original_positive_rate,train_balanced_positive_rate,test_positive_rate,rows_per_case,max_depth,min_samples_leaf,threshold,accuracy,precision,recall,f1,roc_auc,tn,fp,fn,tp,num_predicted_reliable,acceptance_rate
DecisionTree_real_only_v2_case_balanced,20260626_143302_palletizer_005_part_2_refined_from_voxel005,0,42969,17000,2000,0.2425004072703577,0.23770588235294118,0.121,1000,5,50,0.5,0.496,0.14990859232175502,0.6776859504132231,0.24550898203592814,0.6777823221354092,828,930,78,164,1094,0.547
DecisionTree_real_only_v2_case_balanced,20260626_143302_palletizer_005_part_2_refined_from_voxel005,1,42969,17000,2000,0.2425004072703577,0.23688235294117646,0.121,1000,5,50,0.5,0.5345,0.1605911330049261,0.6735537190082644,0.25934765314240255,0.6941772675561073,906,852,79,163,1015,0.5075
DecisionTree_real_only_v2_case_balanced,20260626_143302_palletizer_005_part_2_refined_from_voxel005,2,42969,17000,2000,0.2425004072703577,0.23923529411764705,0.121,1000,5,50,0.5,0.5525,0.18875119161105816,0.8181818181818182,0.3067389620449264,0.6725335890709766,907,851,44,198,1049,0.5245
DecisionTree_real_only_v2_case_balanced,20260626_143302_palletizer_005_part_2_refined_from_voxel005,3,42969,17000,2000,0.2425004072703577,0.2353529411764706,0.121,1000,5,50,0.5,0.583,0.18842105263157893,0.7396694214876033,0.30033557046979864,0.6657100010342331,987,771,63,179,950,0.475
DecisionTree_real_only_v2_case_balanced,20260626_143302_palletizer_005_part_2_refined_from_voxel005,4,42969,17000,2000,0.2425004072703577,0.2341764705882353,0.121,1000,5,50,0.5,0.6445,0.21297429620563035,0.71900826446281,0.3286118980169972,0.7260704312752095,1115,643,68,174,817,0.4085
DecisionTree_real_only_v2_case_balanced,20260626_144015_pallet_rack_05_part1_refined_from_voxel005,0,43616,17000,1353,0.23853631694790903,0.2281764705882353,0.19068736141906872,1000,5,50,0.5,0.29637841832963785,0.1787037037037037,0.748062015503876,0.2884902840059791,0.48132809458072284,208,887,65,193,1080,0.7982261640798226
DecisionTree_real_only_v2_case_balanced,20260626_144015_pallet_rack_05_part1_refined_from_voxel005,1,43616,17000,1353,0.23853631694790903,0.23141176470588234,0.19068736141906872,1000,5,50,0.5,0.5129342202512934,0.21316165951359084,0.5775193798449613,0.3113897596656217,0.5446585961558883,545,550,109,149,699,0.516629711751663
DecisionTree_real_only_v2_case_balanced,20260626_144015_pallet_rack_05_part1_refined_from_voxel005,2,43616,17000,1353,0.23853631694790903,0.23694117647058824,0.19068736141906872,1000,5,50,0.5,0.3939393939393939,0.188470066518847,0.6589147286821705,0.29310344827586204,0.5838695975363702,363,732,88,170,902,0.6666666666666666
DecisionTree_real_only_v2_case_balanced,20260626_144015_pallet_rack_05_part1_refined_from_voxel005,3,43616,17000,1353,0.23853631694790903,0.23452941176470588,0.19068736141906872,1000,5,50,0.5,0.3407243163340724,0.15913978494623657,0.5736434108527132,0.24915824915824916,0.4724222151428268,313,782,110,148,930,0.6873614190687362
DecisionTree_real_only_v2_case_balanced,20260626_144015_pallet_rack_05_part1_refined_from_voxel005,4,43616,17000,1353,0.23853631694790903,0.2338235294117647,0.19068736141906872,1000,5,50,0.5,0.4116777531411678,0.21743697478991597,0.8023255813953488,0.3421487603305785,0.5532919188701285,350,745,51,207,952,0.7036215816703622
DecisionTree_real_only_v2_case_balanced,20260626_155755_pallet_rack_cluster021_ransac_icp_voxel005,0,42263,17000,2706,0.2300830513688096,0.21935294117647058,0.3466371027346637,1000,5,50,0.5,0.5424981522542498,0.4181222707423581,0.8166311300639659,0.5530685920577617,0.6461103097955601,702,1066,172,766,1832,0.6770140428677014
DecisionTree_real_only_v2_case_balanced,20260626_155755_pallet_rack_cluster021_ransac_icp_voxel005,1,42263,17000,2706,0.2300830513688096,0.22211764705882353,0.3466371027346637,1000,5,50,0.5,0.5487804878048781,0.42363734484619536,0.8368869936034116,0.5625223934073809,0.627885338980598,700,1068,153,785,1853,0.6847745750184775
DecisionTree_real_only_v2_case_balanced,20260626_155755_pallet_rack_cluster021_ransac_icp_voxel005,2,42263,17000,2706,0.2300830513688096,0.22823529411764706,0.3466371027346637,1000,5,50,0.5,0.5535846267553585,0.4274193548387097,0.847547974413646,0.5682630450321658,0.6763765207575566,703,1065,143,795,1860,0.6873614190687362
DecisionTree_real_only_v2_case_balanced,20260626_155755_pallet_rack_cluster021_ransac_icp_voxel005,3,42263,17000,2706,0.2300830513688096,0.22564705882352942,0.3466371027346637,1000,5,50,0.5,0.5199556541019955,0.40564558285415575,0.8272921108742004,0.5443703963521571,0.6504585186543044,631,1137,162,776,1913,0.7069475240206947
DecisionTree_real_only_v2_case_balanced,20260626_155755_pallet_rack_cluster021_ransac_icp_voxel005,4,42263,17000,2706,0.2300830513688096,0.22488235294117648,0.3466371027346637,1000,5,50,0.5,0.5513673318551368,0.4261241970021413,0.8486140724946695,0.5673556664290805,0.6525126267498963,696,1072,142,796,1868,0.6903178122690318
DecisionTree_real_only_v2_case_balanced,20260626_161831_pallet_rack_cluster021_part1_ransac_icp_voxel005,0,42263,17000,2706,0.23318268935002248,0.22876470588235295,0.2982261640798226,1000,5,50,0.5,0.5133037694013304,0.3554421768707483,0.7769516728624535,0.48774795799299886,0.6187365945554075,762,1137,180,627,1764,0.6518847006651884
DecisionTree_real_only_v2_case_balanced,20260626_161831_pallet_rack_cluster021_part1_ransac_icp_voxel005,1,42263,17000,2706,0.23318268935002248,0.22611764705882353,0.2982261640798226,1000,5,50,0.5,0.5351071692535108,0.3668044890726521,0.7695167286245354,0.4968,0.6717985008740661,827,1072,186,621,1693,0.6256467110125646
DecisionTree_real_only_v2_case_balanced,20260626_161831_pallet_rack_cluster021_part1_ransac_icp_voxel005,2,42263,17000,2706,0.23318268935002248,0.22088235294117647,0.2982261640798226,1000,5,50,0.5,0.5218033998521804,0.3450031826861871,0.6716232961586122,0.4558452481076535,0.6569602601773711,870,1029,265,542,1571,0.5805617147080562
DecisionTree_real_only_v2_case_balanced,20260626_161831_pallet_rack_cluster021_part1_ransac_icp_voxel005,3,42263,17000,2706,0.23318268935002248,0.22752941176470587,0.2982261640798226,1000,5,50,0.5,0.5764966740576497,0.3807178043631246,0.6703841387856257,0.4856373429084381,0.5938138053485398,1019,880,266,541,1421,0.525129342202513
DecisionTree_real_only_v2_case_balanced,20260626_161831_pallet_rack_cluster021_part1_ransac_icp_voxel005,4,42263,17000,2706,0.23318268935002248,0.22370588235294117,0.2982261640798226,1000,5,50,0.5,0.556910569105691,0.37579214195183774,0.734820322180917,0.49727463312368975,0.6097884297024522,914,985,214,593,1578,0.5831485587583148
DecisionTree_real_only_v2_case_balanced,20260626_161911_pallet_rack_cluster021_part1_refined_from_voxel005,0,42269,17000,2700,0.23856727152286547,0.23447058823529413,0.21407407407407408,1000,5,50,0.5,0.42,0.030418250950570342,0.05536332179930796,0.0392638036809816,0.23329373607845305,1102,1020,546,32,1052,0.3896296296296296
DecisionTree_real_only_v2_case_balanced,20260626_161911_pallet_rack_cluster021_part1_refined_from_voxel005,1,42269,17000,2700,0.23856727152286547,0.23052941176470587,0.21407407407407408,1000,5,50,0.5,0.39481481481481484,0.031914893617021274,0.06228373702422145,0.04220398593200469,0.20538541690446763,1030,1092,542,36,1128,0.4177777777777778
DecisionTree_real_only_v2_case_balanced,20260626_161911_pallet_rack_cluster021_part1_refined_from_voxel005,2,42269,17000,2700,0.23856727152286547,0.22958823529411765,0.21407407407407408,1000,5,50,0.5,0.43777777777777777,0.14122137404580154,0.32006920415224915,0.19597457627118645,0.2756152386108294,997,1125,393,185,1310,0.48518518518518516
DecisionTree_real_only_v2_case_balanced,20260626_161911_pallet_rack_cluster021_part1_refined_from_voxel005,3,42269,17000,2700,0.23856727152286547,0.23129411764705882,0.21407407407407408,1000,5,50,0.5,0.4292592592592593,0.07123775601068566,0.1384083044982699,0.09406231628453851,0.270043358586435,1079,1043,498,80,1123,0.4159259259259259
DecisionTree_real_only_v2_case_balanced,20260626_161911_pallet_rack_cluster021_part1_refined_from_voxel005,4,42269,17000,2700,0.23856727152286547,0.229,0.21407407407407408,1000,5,50,0.5,0.43925925925925924,0.024390243902439025,0.04152249134948097,0.030729833546734954,0.19618496619693504,1162,960,554,24,984,0.36444444444444446
DecisionTree_real_only_v2_case_balanced,20260626_162437_pallet_rack_cluster022_ransac_icp_voxel005,0,40971,17000,3998,0.2425862195211247,0.22805882352941176,0.18084042021010505,1000,5,50,0.5,0.4374687343671836,0.16328331862312445,0.5117565698478561,0.24757443961191034,0.468137425696578,1379,1896,353,370,2266,0.5667833916958479
DecisionTree_real_only_v2_case_balanced,20260626_162437_pallet_rack_cluster022_ransac_icp_voxel005,1,40971,17000,3998,0.2425862195211247,0.23058823529411765,0.18084042021010505,1000,5,50,0.5,0.4427213606803402,0.16952129995608256,0.5338865836791148,0.25733333333333336,0.48252763612175725,1384,1891,337,386,2277,0.5695347673836918
DecisionTree_real_only_v2_case_balanced,20260626_162437_pallet_rack_cluster022_ransac_icp_voxel005,2,40971,17000,3998,0.2425862195211247,0.2336470588235294,0.18084042021010505,1000,5,50,0.5,0.384192096048024,0.16724071947952546,0.6044260027662517,0.2619904076738609,0.45981333079936226,1099,2176,286,437,2613,0.6535767883941971
DecisionTree_real_only_v2_case_balanced,20260626_162437_pallet_rack_cluster022_ransac_icp_voxel005,3,40971,17000,3998,0.2425862195211247,0.235,0.18084042021010505,1000,5,50,0.5,0.4724862431215608,0.1693702290076336,0.49100968188105115,0.2518623625399078,0.47375080506371886,1534,1741,368,355,2096,0.5242621310655328
DecisionTree_real_only_v2_case_balanced,20260626_162437_pallet_rack_cluster022_ransac_icp_voxel005,4,40971,17000,3998,0.2425862195211247,0.23670588235294118,0.18084042021010505,1000,5,50,0.5,0.41195597798899447,0.1547921967769296,0.5048409405255878,0.23693605972086984,0.47024336680286766,1282,1993,358,365,2358,0.5897948974487244
DecisionTree_real_only_v2_case_balanced,20260626_163327_pallet_rack_cluster022_part1_ransac_icp_voxel005,0,41764,17000,3205,0.24109280720237525,0.23294117647058823,0.18502340093603745,1000,5,50,0.5,0.7157566302652106,0.33368200836820083,0.5379426644182125,0.4118786313750807,0.6848102156605007,1975,637,274,319,956,0.2982839313572543
DecisionTree_real_only_v2_case_balanced,20260626_163327_pallet_rack_cluster022_part1_ransac_icp_voxel005,1,41764,17000,3205,0.24109280720237525,0.23376470588235293,0.18502340093603745,1000,5,50,0.5,0.6427457098283932,0.2733990147783251,0.5615514333895447,0.3677526228602982,0.5778554163040476,1727,885,260,333,1218,0.3800312012480499
DecisionTree_real_only_v2_case_balanced,20260626_163327_pallet_rack_cluster022_part1_ransac_icp_voxel005,2,41764,17000,3205,0.24109280720237525,0.22952941176470587,0.18502340093603745,1000,5,50,0.5,0.6327613104524181,0.2671451355661882,0.5649241146711635,0.36275040606388737,0.6487679125272124,1693,919,258,335,1254,0.39126365054602186
DecisionTree_real_only_v2_case_balanced,20260626_163327_pallet_rack_cluster022_part1_ransac_icp_voxel005,3,41764,17000,3205,0.24109280720237525,0.23205882352941176,0.18502340093603745,1000,5,50,0.5,0.778783151326053,0.4178470254957507,0.4974704890387858,0.4541955350269438,0.7123110614132722,2201,411,298,295,706,0.2202808112324493
DecisionTree_real_only_v2_case_balanced,20260626_163327_pallet_rack_cluster022_part1_ransac_icp_voxel005,4,41764,17000,3205,0.24109280720237525,0.22676470588235295,0.18502340093603745,1000,5,50,0.5,0.678003120124805,0.308296943231441,0.5952782462057336,0.4062140391254315,0.6643268582673302,1820,792,240,353,1145,0.35725429017160687
DecisionTree_real_only_v2_case_balanced,20260703_131528_rm00_0260_02_cluster022_part1_ransac_icp_voxel005,0,42399,17000,2570,0.23854336187174227,0.2323529411764706,0.2132295719844358,1000,5,50,0.5,0.377431906614786,0.23856858846918488,0.8759124087591241,0.375,0.6072175052524421,490,1532,68,480,2012,0.7828793774319066
DecisionTree_real_only_v2_case_balanced,20260703_131528_rm00_0260_02_cluster022_part1_ransac_icp_voxel005,1,42399,17000,2570,0.23854336187174227,0.23288235294117646,0.2132295719844358,1000,5,50,0.5,0.5342412451361868,0.29526813880126185,0.8540145985401459,0.4388185654008439,0.6409617383958933,905,1117,80,468,1585,0.6167315175097277
DecisionTree_real_only_v2_case_balanced,20260703_131528_rm00_0260_02_cluster022_part1_ransac_icp_voxel005,2,42399,17000,2570,0.23854336187174227,0.23294117647058823,0.2132295719844358,1000,5,50,0.5,0.40233463035019457,0.25025278058645095,0.9032846715328468,0.3919239904988123,0.5987490704440931,539,1483,53,495,1978,0.7696498054474709
DecisionTree_real_only_v2_case_balanced,20260703_131528_rm00_0260_02_cluster022_part1_ransac_icp_voxel005,3,42399,17000,2570,0.23854336187174227,0.2361764705882353,0.2132295719844358,1000,5,50,0.5,0.42996108949416345,0.25753569539925963,0.8886861313868614,0.3993439934399344,0.6924054379923037,618,1404,61,487,1891,0.7357976653696499
DecisionTree_real_only_v2_case_balanced,20260703_131528_rm00_0260_02_cluster022_part1_ransac_icp_voxel005,4,42399,17000,2570,0.23854336187174227,0.22970588235294118,0.2132295719844358,1000,5,50,0.5,0.5054474708171206,0.2828828828828829,0.8594890510948905,0.4256665160415725,0.6412870829633159,828,1194,77,471,1665,0.6478599221789884
DecisionTree_real_only_v2_case_balanced,20260703_135230_rm00_0260_02_cluster029_full_ransac_icp_voxel005,0,42323,17000,2646,0.2267325095101954,0.2195294117647059,0.40287226001511717,1000,5,50,0.5,0.5684051398337112,0.47386519944979366,0.6463414634146342,0.5468253968253968,0.5957165673165982,815,765,377,689,1454,0.5495086923658352
DecisionTree_real_only_v2_case_balanced,20260703_135230_rm00_0260_02_cluster029_full_ransac_icp_voxel005,1,42323,17000,2646,0.2267325095101954,0.22170588235294117,0.40287226001511717,1000,5,50,0.5,0.5423280423280423,0.44609665427509293,0.5628517823639775,0.4977187888842804,0.5891823212292493,835,745,466,600,1345,0.5083144368858654
DecisionTree_real_only_v2_case_balanced,20260703_135230_rm00_0260_02_cluster029_full_ransac_icp_voxel005,2,42323,17000,2646,0.2267325095101954,0.21641176470588236,0.40287226001511717,1000,5,50,0.5,0.5714285714285714,0.47702702702702704,0.6622889305816135,0.5545954438334643,0.5996220937136343,806,774,360,706,1480,0.5593348450491308
DecisionTree_real_only_v2_case_balanced,20260703_135230_rm00_0260_02_cluster029_full_ransac_icp_voxel005,3,42323,17000,2646,0.2267325095101954,0.22064705882352942,0.40287226001511717,1000,5,50,0.5,0.5298563869992441,0.4445137157107232,0.6688555347091932,0.5340823970037453,0.5997654784240152,689,891,353,713,1604,0.6061980347694633
DecisionTree_real_only_v2_case_balanced,20260703_135230_rm00_0260_02_cluster029_full_ransac_icp_voxel005,4,42323,17000,2646,0.2267325095101954,0.21582352941176472,0.40287226001511717,1000,5,50,0.5,0.5763416477702192,0.4831184775936157,0.7382739212007504,0.5840445269016697,0.6023793549766072,738,842,279,787,1629,0.6156462585034014
DecisionTree_real_only_v2_case_balanced,20260703_135250_rm00_0260_02_cluster029_full_refined_from_voxel005,0,43205,17000,1764,0.2263395440342553,0.216,0.5005668934240363,1000,5,50,0.5,0.5793650793650794,0.5683802133850631,0.6636466591166478,0.6123301985370951,0.6490076781378106,436,445,297,586,1031,0.5844671201814059
DecisionTree_real_only_v2_case_balanced,20260703_135250_rm00_0260_02_cluster029_full_refined_from_voxel005,1,43205,17000,1764,0.2263395440342553,0.2161764705882353,0.5005668934240363,1000,5,50,0.5,0.6156462585034014,0.6066597294484911,0.6602491506228766,0.6323210412147505,0.6563528781126153,503,378,300,583,961,0.5447845804988662
DecisionTree_real_only_v2_case_balanced,20260703_135250_rm00_0260_02_cluster029_full_refined_from_voxel005,2,43205,17000,1764,0.2263395440342553,0.2121764705882353,0.5005668934240363,1000,5,50,0.5,0.5997732426303855,0.6070133010882709,0.5685164212910532,0.5871345029239766,0.6604972471568522,556,325,381,502,827,0.4688208616780045
DecisionTree_real_only_v2_case_balanced,20260703_135250_rm00_0260_02_cluster029_full_refined_from_voxel005,3,43205,17000,1764,0.2263395440342553,0.215,0.5005668934240363,1000,5,50,0.5,0.6496598639455783,0.6287657920310982,0.7327293318233296,0.6767782426778243,0.6715722507240434,499,382,236,647,1029,0.5833333333333334
DecisionTree_real_only_v2_case_balanced,20260703_135250_rm00_0260_02_cluster029_full_refined_from_voxel005,4,43205,17000,1764,0.2263395440342553,0.21441176470588236,0.5005668934240363,1000,5,50,0.5,0.6196145124716553,0.6175166297117517,0.6308040770101925,0.6240896358543417,0.656127920115487,536,345,326,557,902,0.5113378684807256
DecisionTree_real_only_v2_case_balanced,20260706_122711_metal_tab2_cluster009_part1_refined_from_identity,0,39634,17000,5335,0.22801130342635112,0.2252941176470588,0.3045923149015933,1000,5,50,0.5,0.5237113402061856,0.32248062015503876,0.512,0.3957193816884661,0.5366880364918101,1962,1748,793,832,2580,0.4835988753514527
DecisionTree_real_only_v2_case_balanced,20260706_122711_metal_tab2_cluster009_part1_refined_from_identity,1,39634,17000,5335,0.22801130342635112,0.22694117647058823,0.3045923149015933,1000,5,50,0.5,0.5432052483598875,0.33264633140972794,0.4966153846153846,0.3984201431745248,0.5505287995023845,2091,1619,818,807,2426,0.4547328959700094
DecisionTree_real_only_v2_case_balanced,20260706_122711_metal_tab2_cluster009_part1_refined_from_identity,2,39634,17000,5335,0.22801130342635112,0.2273529411764706,0.3045923149015933,1000,5,50,0.5,0.5015932521087161,0.3217241379310345,0.5741538461538461,0.4123756906077348,0.5419691478332989,1743,1967,692,933,2900,0.5435801312089972
DecisionTree_real_only_v2_case_balanced,20260706_122711_metal_tab2_cluster009_part1_refined_from_identity,3,39634,17000,5335,0.22801130342635112,0.23241176470588235,0.3045923149015933,1000,5,50,0.5,0.5893158388003749,0.3695852534562212,0.49353846153846154,0.4226613965744401,0.5324995231183911,2342,1368,823,802,2170,0.40674789128397376
DecisionTree_real_only_v2_case_balanced,20260706_122711_metal_tab2_cluster009_part1_refined_from_identity,4,39634,17000,5335,0.22801130342635112,0.22311764705882353,0.3045923149015933,1000,5,50,0.5,0.5109653233364574,0.33434343434343433,0.6110769230769231,0.432208922742111,0.5609973045822102,1733,1977,632,993,2970,0.5567010309278351
DecisionTree_real_only_v2_case_balanced,20260706_130424_table_cluster004_table1_refined_from_identity_scale1,0,43575,17000,1394,0.23814113597246128,0.22688235294117648,0.20444763271162122,1000,5,50,0.5,0.5200860832137734,0.22727272727272727,0.5614035087719298,0.3235591506572295,0.5686235426257257,565,544,125,160,704,0.5050215208034433
DecisionTree_real_only_v2_case_balanced,20260706_130424_table_cluster004_table1_refined_from_identity_scale1,1,43575,17000,1394,0.23814113597246128,0.23352941176470587,0.20444763271162122,1000,5,50,0.5,0.33070301291248205,0.197196261682243,0.7403508771929824,0.3114391143911439,0.5031385949092749,250,859,74,211,1070,0.7675753228120517
DecisionTree_real_only_v2_case_balanced,20260706_130424_table_cluster004_table1_refined_from_identity_scale1,2,43575,17000,1394,0.23814113597246128,0.23170588235294118,0.20444763271162122,1000,5,50,0.5,0.3428981348637016,0.21134492223238793,0.8105263157894737,0.3352685050798258,0.5744467119105247,247,862,54,231,1093,0.7840746054519369
DecisionTree_real_only_v2_case_balanced,20260706_130424_table_cluster004_table1_refined_from_identity_scale1,3,43575,17000,1394,0.23814113597246128,0.23123529411764707,0.20444763271162122,1000,5,50,0.5,0.42898134863701576,0.22318526543878656,0.7228070175438597,0.34105960264900664,0.5036210905984528,392,717,79,206,923,0.6621233859397417
DecisionTree_real_only_v2_case_balanced,20260706_130424_table_cluster004_table1_refined_from_identity_scale1,4,43575,17000,1394,0.23814113597246128,0.23005882352941176,0.20444763271162122,1000,5,50,0.5,0.5480631276901005,0.2517985611510791,0.6140350877192983,0.35714285714285715,0.581331371711515,589,520,110,175,695,0.49856527977044474
DecisionTree_real_only_v2_case_balanced,20260706_145031_table2_cluster004_table2_refined_from_identity,0,41819,17000,3150,0.23367368899304145,0.22676470588235295,0.28253968253968254,1000,5,50,0.5,0.3834920634920635,0.30619012527634487,0.9337078651685393,0.4611542730299667,0.618262652878592,377,1883,59,831,2714,0.8615873015873016
DecisionTree_real_only_v2_case_balanced,20260706_145031_table2_cluster004_table2_refined_from_identity,1,41819,17000,3150,0.23367368899304145,0.22247058823529411,0.28253968253968254,1000,5,50,0.5,0.3977777777777778,0.2980344965904533,0.8348314606741573,0.4392550990245344,0.5541503430446456,510,1750,147,743,2493,0.7914285714285715
DecisionTree_real_only_v2_case_balanced,20260706_145031_table2_cluster004_table2_refined_from_identity,2,41819,17000,3150,0.23367368899304145,0.2262941176470588,0.28253968253968254,1000,5,50,0.5,0.4266666666666667,0.3258555133079848,0.9629213483146067,0.4869318181818182,0.5797737894004178,487,1773,33,857,2630,0.834920634920635
DecisionTree_real_only_v2_case_balanced,20260706_145031_table2_cluster004_table2_refined_from_identity,3,41819,17000,3150,0.23367368899304145,0.2278235294117647,0.28253968253968254,1000,5,50,0.5,0.4342857142857143,0.3218849840255591,0.9056179775280899,0.4749558043606364,0.5703838122700607,562,1698,84,806,2504,0.7949206349206349
DecisionTree_real_only_v2_case_balanced,20260706_145031_table2_cluster004_table2_refined_from_identity,4,41819,17000,3150,0.23367368899304145,0.22617647058823528,0.28253968253968254,1000,5,50,0.5,0.3838095238095238,0.30897855325336243,0.9550561797752809,0.46690469651194727,0.6140715422094064,359,1901,40,850,2751,0.8733333333333333
DecisionTree_real_only_v2_case_balanced,20260706_150131_table3_cluster004_table3_refined_from_identity,0,42970,17000,1999,0.2443099837095648,0.23676470588235293,0.08204102051025512,1000,5,50,0.5,0.24362181090545273,0.07070063694267516,0.676829268292683,0.12802768166089964,0.3713564165614408,376,1459,53,111,1570,0.7853926963481741
DecisionTree_real_only_v2_case_balanced,20260706_150131_table3_cluster004_table3_refined_from_identity,1,42970,17000,1999,0.2443099837095648,0.23470588235294118,0.08204102051025512,1000,5,50,0.5,0.2836418209104552,0.06753069577080491,0.6036585365853658,0.12147239263803682,0.489911610287765,468,1367,65,99,1466,0.7333666833416709
DecisionTree_real_only_v2_case_balanced,20260706_150131_table3_cluster004_table3_refined_from_identity,2,42970,17000,1999,0.2443099837095648,0.2383529411764706,0.08204102051025512,1000,5,50,0.5,0.26863431715857927,0.06559571619812583,0.5975609756097561,0.11821471652593486,0.491338805077424,439,1396,66,98,1494,0.7473736868434218
DecisionTree_real_only_v2_case_balanced,20260706_150131_table3_cluster004_table3_refined_from_identity,3,42970,17000,1999,0.2443099837095648,0.24029411764705882,0.08204102051025512,1000,5,50,0.5,0.2986493246623312,0.07073509015256588,0.6219512195121951,0.12702366127023662,0.4983019871070645,495,1340,62,102,1442,0.7213606803401701
DecisionTree_real_only_v2_case_balanced,20260706_150131_table3_cluster004_table3_refined_from_identity,4,42970,17000,1999,0.2443099837095648,0.23929411764705882,0.08204102051025512,1000,5,50,0.5,0.4287143571785893,0.050551470588235295,0.3353658536585366,0.0878594249201278,0.3330231939921579,802,1033,109,55,1088,0.544272136068034
DecisionTree_real_only_v2_case_balanced,20260706_153654_table_fanuc_cluster000_table1_refined_from_identity,0,39370,17000,5599,0.25143510287020576,0.2353529411764706,0.13627433470262548,1000,5,50,0.5,0.4384711555634935,0.15760713258556228,0.7182175622542595,0.25849056603773585,0.5329563279770442,1907,2929,215,548,3477,0.6210037506697624
DecisionTree_real_only_v2_case_balanced,20260706_153654_table_fanuc_cluster000_table1_refined_from_identity,1,39370,17000,5599,0.25143510287020576,0.23741176470588235,0.13627433470262548,1000,5,50,0.5,0.5165208072870155,0.1684856753069577,0.6474442988204456,0.26738836265223276,0.6171844087647579,2398,2438,269,494,2932,0.5236649401678871
DecisionTree_real_only_v2_case_balanced,20260706_153654_table_fanuc_cluster000_table1_refined_from_identity,2,39370,17000,5599,0.25143510287020576,0.23752941176470588,0.13627433470262548,1000,5,50,0.5,0.5592070012502233,0.1749904689287076,0.601572739187418,0.271116361488482,0.5474224281193799,2672,2164,304,459,2623,0.4684765136631541
DecisionTree_real_only_v2_case_balanced,20260706_153654_table_fanuc_cluster000_table1_refined_from_identity,3,39370,17000,5599,0.25143510287020576,0.23952941176470588,0.13627433470262548,1000,5,50,0.5,0.5193784604393642,0.16270118964310706,0.6094364351245085,0.25683512841756423,0.6147084394346898,2443,2393,298,465,2858,0.5104482943382747
DecisionTree_real_only_v2_case_balanced,20260706_153654_table_fanuc_cluster000_table1_refined_from_identity,4,39370,17000,5599,0.25143510287020576,0.2316470588235294,0.13627433470262548,1000,5,50,0.5,0.49794606179674944,0.1763590391908976,0.7313237221494102,0.28418640183346067,0.6022495926683556,2230,2606,205,558,3164,0.5651009108769424
DecisionTree_real_only_v2_case_balanced,20260706_163516_mir_charger_cluster025_ransac_icp_voxel005,0,44331,17000,638,0.23656132277638672,0.22464705882352942,0.274294670846395,1000,5,50,0.5,0.5783699059561128,0.3708791208791209,0.7714285714285715,0.5009276437847866,0.6561925331687751,234,229,40,135,364,0.5705329153605015
DecisionTree_real_only_v2_case_balanced,20260706_163516_mir_charger_cluster025_ransac_icp_voxel005,1,44331,17000,638,0.23656132277638672,0.22605882352941176,0.274294670846395,1000,5,50,0.5,0.5250783699059561,0.30952380952380953,0.5942857142857143,0.4070450097847358,0.5992841715519902,231,232,71,104,336,0.5266457680250783
DecisionTree_real_only_v2_case_balanced,20260706_163516_mir_charger_cluster025_ransac_icp_voxel005,2,44331,17000,638,0.23656132277638672,0.22347058823529412,0.274294670846395,1000,5,50,0.5,0.6536050156739812,0.42483660130718953,0.7428571428571429,0.5405405405405406,0.6671397716754088,287,176,45,130,306,0.47962382445141066
DecisionTree_real_only_v2_case_balanced,20260706_163516_mir_charger_cluster025_ransac_icp_voxel005,3,44331,17000,638,0.23656132277638672,0.23394117647058824,0.274294670846395,1000,5,50,0.5,0.4952978056426332,0.3302540415704388,0.8171428571428572,0.47039473684210525,0.630805307004011,173,290,32,143,433,0.6786833855799373
DecisionTree_real_only_v2_case_balanced,20260706_163516_mir_charger_cluster025_ransac_icp_voxel005,4,44331,17000,638,0.23656132277638672,0.22770588235294117,0.274294670846395,1000,5,50,0.5,0.5783699059561128,0.3422818791946309,0.5828571428571429,0.4312896405919662,0.6422770749768589,267,196,73,102,298,0.4670846394984326
DecisionTree_real_only_v2_case_balanced,20260706_163705_mir_charger_cluster025_refined_from_identity,0,44650,17000,319,0.2380515117581187,0.23605882352941177,0.10344827586206896,1000,5,50,0.5,0.5454545454545454,0.1744186046511628,0.9090909090909091,0.2926829268292683,0.7020025429116338,144,142,3,30,172,0.5391849529780565
DecisionTree_real_only_v2_case_balanced,20260706_163705_mir_charger_cluster025_refined_from_identity,1,44650,17000,319,0.2380515117581187,0.23094117647058823,0.10344827586206896,1000,5,50,0.5,0.6175548589341693,0.19310344827586207,0.8484848484848485,0.3146067415730337,0.7788196651833017,169,117,5,28,145,0.45454545454545453
DecisionTree_real_only_v2_case_balanced,20260706_163705_mir_charger_cluster025_refined_from_identity,2,44650,17000,319,0.2380515117581187,0.23552941176470588,0.10344827586206896,1000,5,50,0.5,0.5799373040752351,0.17834394904458598,0.8484848484848485,0.29473684210526313,0.7627145581691037,157,129,5,28,157,0.49216300940438873
DecisionTree_real_only_v2_case_balanced,20260706_163705_mir_charger_cluster025_refined_from_identity,3,44650,17000,319,0.2380515117581187,0.2447058823529412,0.10344827586206896,1000,5,50,0.5,0.4043887147335423,0.12077294685990338,0.7575757575757576,0.20833333333333334,0.7680122907395635,104,182,8,25,207,0.6489028213166145
DecisionTree_real_only_v2_case_balanced,20260706_163705_mir_charger_cluster025_refined_from_identity,4,44650,17000,319,0.2380515117581187,0.2373529411764706,0.10344827586206896,1000,5,50,0.5,0.3322884012539185,0.11864406779661017,0.8484848484848485,0.20817843866171004,0.7403051493960585,78,208,5,28,236,0.7398119122257053
DecisionTree_real_only_v2_case_balanced,20260707_154904_ur10_choko_base_cluster016_base_refined_from_center_v2,0,44082,17000,887,0.23980309423347398,0.24082352941176471,0.10259301014656144,1000,5,50,0.5,0.36076662908680945,0.12101910828025478,0.8351648351648352,0.2114047287899861,0.7228104809763101,244,552,15,76,628,0.7080045095828635
DecisionTree_real_only_v2_case_balanced,20260707_154904_ur10_choko_base_cluster016_base_refined_from_center_v2,1,44082,17000,887,0.23980309423347398,0.24123529411764705,0.10259301014656144,1000,5,50,0.5,0.5535512965050733,0.18162839248434237,0.9560439560439561,0.30526315789473685,0.805200452813518,404,392,4,87,479,0.5400225479143179
DecisionTree_real_only_v2_case_balanced,20260707_154904_ur10_choko_base_cluster016_base_refined_from_center_v2,2,44082,17000,887,0.23980309423347398,0.2411764705882353,0.10259301014656144,1000,5,50,0.5,0.5140924464487034,0.1487603305785124,0.7912087912087912,0.25043478260869567,0.7346692252471146,384,412,19,72,484,0.5456595264937993
DecisionTree_real_only_v2_case_balanced,20260707_154904_ur10_choko_base_cluster016_base_refined_from_center_v2,3,44082,17000,887,0.23980309423347398,0.23952941176470588,0.10259301014656144,1000,5,50,0.5,0.649379932356257,0.20899470899470898,0.8681318681318682,0.3368869936034115,0.806153017836435,497,299,12,79,378,0.42615558060879366
DecisionTree_real_only_v2_case_balanced,20260707_154904_ur10_choko_base_cluster016_base_refined_from_center_v2,4,44082,17000,887,0.23980309423347398,0.23670588235294118,0.10259301014656144,1000,5,50,0.5,0.5783540022547914,0.19438444924406048,0.989010989010989,0.3249097472924188,0.8254528135181403,423,373,1,90,463,0.5219842164599775
