model,heldout_real_case,num_repeats,test_rows,test_positive_rate,train_balanced_rows_mean,train_balanced_positive_rate_mean,accuracy_mean,accuracy_std,precision_mean,precision_std,recall_mean,recall_std,f1_mean,f1_std,roc_auc_mean,roc_auc_std,fp_mean,fp_std,fn_mean,fn_std,tp_mean,tp_std,tn_mean,tn_std,num_predicted_reliable_mean,num_predicted_reliable_std,acceptance_rate_mean,acceptance_rate_std
DecisionTree_real_only_v2_case_balanced,20260707_154904_ur10_choko_base_cluster016_base_refined_from_center_v2,5,887,0.10259301014656144,17000.0,0.2398941176470588,0.5312288613303269,0.1072727539269569,0.17095739791637582,0.03569340437403032,0.887912087912088,0.08274659603084267,0.28577988203784976,0.05315924359843511,0.7788571980783037,0.04664759282473944,405.6,92.31088776520352,10.2,7.52994023880668,80.8,7.52994023880668,390.4,92.31088776520352,486.4,90.01277687084206,0.5483652762119504,0.10148001902011505
DecisionTree_real_only_v2_case_balanced,20260706_163705_mir_charger_cluster025_refined_from_identity,5,319,0.10344827586206896,17000.0,0.23691764705882354,0.49592476489028214,0.12192302250047116,0.15705660332562488,0.03480657919468424,0.8424242424242424,0.05420770854544944,0.2637076565005217,0.051339320240802414,0.7503708412799321,0.03047020720026158,155.6,38.161498922343185,5.2,1.7888543819998317,27.8,1.7888543819998317,130.4,38.161498922343185,183.4,37.50066666074084,0.5749216300940438,0.11755694877975187
DecisionTree_real_only_v2_case_balanced,20260626_143302_palletizer_005_part_2_refined_from_voxel005,5,2000,0.121,17000.0,0.2366705882352941,0.5620999999999999,0.05578911184093181,0.1801292531549897,0.025084432894199347,0.7256198347107439,0.05877363822760038,0.2881086131420106,0.034565249391106695,0.687254722214387,0.024110132926403592,809.4,108.68900588375992,66.4,14.223220451079284,175.6,14.223220451079284,948.6,108.68900588375992,985.0,107.6173777788699,0.4925,0.053808688889434964
DecisionTree_real_only_v2_case_balanced,20260703_135250_rm00_0260_02_cluster029_full_refined_from_voxel005,5,1764,0.5005668934240363,17000.0,0.2147529411764706,0.61281179138322,0.025984504844366995,0.6056671331329351,0.022732523022967296,0.6511891279728199,0.059448308784691276,0.6265307242415976,0.032855809899293785,0.6587115948493618,0.008291410359667725,375.0,45.711048992557586,308.0,52.492856656882374,575.0,52.492856656882374,506.0,45.711048992557586,950.0,87.11486669908874,0.5385487528344671,0.04938484506751064
DecisionTree_real_only_v2_case_balanced,20260626_163327_pallet_rack_cluster022_part1_ransac_icp_voxel005,5,3205,0.18502340093603745,17000.0,0.23101176470588233,0.689609984399376,0.05957820920572948,0.3200740254879812,0.06095789614185506,0.551433389544688,0.036403091306783986,0.40055824689032826,0.0372247886672872,0.6576142928344726,0.050537486274914514,728.8,208.56222093178815,266.0,21.587033144922902,327.0,21.587033144922902,1883.2,208.56222093178815,1055.8,226.86383581346763,0.3294227769110764,0.07078434814772781
DecisionTree_real_only_v2_case_balanced,20260626_155755_pallet_rack_cluster021_ransac_icp_voxel005,5,2706,0.3466371027346637,17000.0,0.2240470588235294,0.5432372505543237,0.013660828077808251,0.4201897500567121,0.008876626977851248,0.8353944562899788,0.013623548870558519,0.5591160186557091,0.010212345733060284,0.650668662987583,0.017350769080571135,1081.6,31.085366332086227,154.4,12.77888884058391,783.6,12.77888884058391,686.4,31.085366332086227,1865.2,29.878085614710994,0.6892830746489284,0.011041421143647803
DecisionTree_real_only_v2_case_balanced,20260706_163516_mir_charger_cluster025_ransac_icp_voxel005,5,638,0.274294670846395,17000.0,0.22716470588235294,0.5661442006269592,0.06052673798694506,0.3555550904950379,0.04463729855846162,0.7017142857142857,0.10670577514352067,0.47003951430882684,0.053372412674070134,0.6391397716754088,0.02618478331546564,224.6,43.39124335623491,52.2,18.673510650116114,122.8,18.673510650116114,238.4,43.39124335623491,347.4,54.51421832879932,0.5445141065830721,0.08544548327398015
DecisionTree_real_only_v2_case_balanced,20260703_131528_rm00_0260_02_cluster022_part1_ransac_icp_voxel005,5,2570,0.2132295719844358,17000.0,0.23281176470588236,0.4498832684824903,0.0672878422275401,0.26490161722780803,0.02349321801053091,0.8762773722627738,0.02037758288342139,0.40615061307623257,0.025822243964721575,0.6361241670096096,0.036912505329206674,1346.0,181.84746355118622,67.8,11.166915420114902,480.2,11.166915420114902,676.0,181.84746355118622,1826.2,191.00183245194273,0.7105836575875486,0.07431977916418005
DecisionTree_real_only_v2_case_balanced,20260626_161831_pallet_rack_cluster021_part1_ransac_icp_voxel005,5,2706,0.2982261640798226,17000.0,0.2254,0.5407243163340725,0.02589930583925183,0.36475195898890994,0.014643197624285715,0.7246592317224289,0.05149887950829354,0.4846610364265561,0.016935828691114277,0.6302195181315674,0.032857806996799764,1020.6,96.56241504850632,222.2,41.55959576319288,584.8,41.55959576319288,878.4,96.56241504850632,1605.4,131.11559785166676,0.5932742054693273,0.048453657742670624
DecisionTree_real_only_v2_case_balanced,20260703_135230_rm00_0260_02_cluster029_full_ransac_icp_voxel005,5,2646,0.40287226001511717,17000.0,0.21882352941176472,0.5576719576719575,0.02038470419003627,0.46492421481125046,0.018224406556223434,0.6557223264540337,0.06273616539727092,0.5434533106897113,0.031474693952232555,0.5973331631320209,0.005139771852278644,803.4,61.0598067471557,367.0,66.87675231349083,699.0,66.87675231349083,776.6,61.0598067471557,1502.4,116.15636013581003,0.5678004535147392,0.04389885114732051
DecisionTree_real_only_v2_case_balanced,20260706_145031_table2_cluster004_table2_refined_from_identity,5,3150,0.28253968253968254,17000.0,0.22590588235294118,0.40520634920634924,0.023930486379981165,0.3121887344907409,0.01148291257589642,0.9184269662921348,0.05173788248254177,0.46584033822178056,0.017732803349723537,0.5873284279606245,0.027915489940026877,1801.0,87.63275643274038,72.6,46.04671540946216,817.4,46.04671540946216,459.0,87.63275643274038,2618.4,117.97160675348962,0.8312380952380952,0.037451303731266525
DecisionTree_real_only_v2_case_balanced,20260706_153654_table_fanuc_cluster000_table1_refined_from_identity,5,5599,0.13627433470262548,17000.0,0.23629411764705882,0.5063046972673692,0.04400341498431508,0.16802870113104645,0.007985315242051459,0.6615989515072084,0.06039792876736876,0.26760336408589513,0.011027040683922091,0.5829042393928455,0.03973233139355626,2506.0,284.29122392363786,258.2,46.08361964950236,504.8,46.08361964950236,2330.0,284.29122392363786,3010.8,324.32961628565465,0.5377388819432041,0.057926346898670246
DecisionTree_real_only_v2_case_balanced,20260706_130424_table_cluster004_table1_refined_from_identity_scale1,5,1394,0.20444763271162122,17000.0,0.23068235294117648,0.4341463414634147,0.09926745183668165,0.22215954755544481,0.02028416619795433,0.6898245614035088,0.10055555130435365,0.33369384598401264,0.01735349514133172,0.5462322623510987,0.03937685933988624,700.4,164.73402805735068,88.4,28.65833212174079,196.6,28.65833212174079,408.6,164.73402805735068,897.0,191.75114080495064,0.6434720229555236,0.13755462037657865
DecisionTree_real_only_v2_case_balanced,20260706_122711_metal_tab2_cluster009_part1_refined_from_identity,5,5335,0.3045923149015933,17000.0,0.2270235294117647,0.5337582005623243,0.034752469131530815,0.3361559554590913,0.019547460264602644,0.5374769230769231,0.052467809234969576,0.41227710695745534,0.015582796454935014,0.544536562305619,0.011401142813729477,1735.8,255.29336066572512,751.6,85.26019000682557,873.4,85.26019000682557,1974.2,255.29336066572512,2609.2,332.43525685462424,0.4890721649484536,0.06231213811708046
DecisionTree_real_only_v2_case_balanced,20260626_144015_pallet_rack_05_part1_refined_from_voxel005,5,1353,0.19068736141906872,17000.0,0.23297647058823528,0.39113082039911307,0.08183056595182248,0.19138243789445883,0.0243001762546119,0.672093023255814,0.10190924227093812,0.29685810028725806,0.03399193496339219,0.5271140844571873,0.048223009570757105,739.2,122.0233584196075,84.6,26.292584505902038,173.4,26.292584505902038,355.8,122.0233584196075,912.6,137.4910906204471,0.6745011086474502,0.10161943135288036
DecisionTree_real_only_v2_case_balanced,20260626_162437_pallet_rack_cluster022_ransac_icp_voxel005,5,3998,0.18084042021010505,17000.0,0.23279999999999998,0.4297648824412206,0.03334055435451735,0.1648415527686591,0.006155944131954884,0.5291839557399723,0.044824802575290944,0.25113932057597643,0.009631662241429886,0.4708945128968568,0.00828109411025632,1939.4,160.03218426304127,340.4,32.40833226193536,382.6,32.40833226193536,1335.6,160.03218426304127,2322.0,188.55635762286033,0.5807903951975988,0.04716267074108562
DecisionTree_real_only_v2_case_balanced,20260706_150131_table3_cluster004_table3_refined_from_identity,5,1999,0.08204102051025512,17000.0,0.2378823529411765,0.3046523261630815,0.07226839845835371,0.06502272193048142,0.008380113964250962,0.5670731707317074,0.13324252063056194,0.11651957540304714,0.016519537351577157,0.4367864026051704,0.07847022680414117,1319.0,165.88399561139104,71.0,21.85177338341216,93.0,21.85177338341216,516.0,165.88399561139104,1412.0,187.40330840195966,0.7063531765882942,0.09374852846521244
DecisionTree_real_only_v2_case_balanced,20260626_161911_pallet_rack_cluster021_part1_refined_from_voxel005,5,2700,0.21407407407407408,17000.0,0.23097647058823528,0.4242222222222223,0.018151171327937247,0.05983650370530358,0.04912986086268272,0.12352941176470589,0.11615943238959599,0.08044690314308925,0.06921412092335869,0.23610454327542402,0.03625629678697514,1048.0,64.0663718342158,506.6,67.14015192118647,71.4,67.14015192118647,1074.0,64.0663718342158,1119.4,121.74892196647984,0.4145925925925926,0.04509219332091846
