model,feature_set,test_shape,best_epoch,best_val_loss,test_rows,test_positive_rate,threshold,accuracy,precision,recall,f1,roc_auc,tn,fp,fn,tp,num_predicted_reliable,acceptance_rate
MLP_weighted_reduced,reduced,box_sphere,8,0.7743150682959916,21962,0.398324378471906,0.3,0.5282305800928877,0.45607537715810686,0.9572473708276178,0.6178022059094765,0.7065490945055641,3227,9987,374,8374,18361,0.8360349694927602
MLP_weighted_reduced,reduced,box_sphere,8,0.7743150682959916,21962,0.398324378471906,0.4,0.5871049995446681,0.4897658948445695,0.8752857796067672,0.6280862931670905,0.7065490945055641,5237,7977,1091,7657,15634,0.7118659502777525
MLP_weighted_reduced,reduced,box_sphere,8,0.7743150682959916,21962,0.398324378471906,0.5,0.6340497222475184,0.530596436870643,0.7047325102880658,0.6053910737958462,0.7065490945055641,7760,5454,2583,6165,11619,0.5290501775794554
MLP_weighted_reduced,reduced,box_sphere,8,0.7743150682959916,21962,0.398324378471906,0.6,0.6565886531281304,0.6260978670012547,0.34224965706447186,0.4425720620842572,0.7065490945055641,11426,1788,5754,2994,4782,0.21773973226482105
MLP_weighted_reduced,reduced,box_sphere,8,0.7743150682959916,21962,0.398324378471906,0.7,0.6350059193151808,0.7178571428571429,0.13786008230452676,0.23130034522439585,0.7065490945055641,12740,474,7542,1206,1680,0.07649576541298607
MLP_weighted_reduced,reduced,box_sphere,8,0.7743150682959916,21962,0.398324378471906,0.8,0.608551133776523,0.7870722433460076,0.023662551440329218,0.0459438464099434,0.7065490945055641,13158,56,8541,207,263,0.011975229942628176
MLP_weighted_reduced,reduced,box_sphere,8,0.7743150682959916,21962,0.398324378471906,0.9,0.6017211547217922,1.0,0.00011431184270690443,0.00022859755400617213,0.7065490945055641,13214,0,8747,1,1,4.553319369820599e-05
MLP_weighted_reduced,reduced,l_shape,66,0.7788218815680541,21736,0.3905962458594038,0.3,0.548675009201325,0.46269078575466366,0.964075382803298,0.6252864782276547,0.7351108639681789,3741,9505,305,8185,17690,0.8138571954361428
MLP_weighted_reduced,reduced,l_shape,66,0.7788218815680541,21736,0.3905962458594038,0.4,0.5930714022819286,0.4888512028138936,0.9167255594817433,0.6376633484904346,0.7351108639681789,5108,8138,707,7783,15921,0.7324714758925285
MLP_weighted_reduced,reduced,l_shape,66,0.7788218815680541,21736,0.3905962458594038,0.5,0.6364096429885904,0.5227184766622803,0.7954063604240282,0.6308561819795413,0.7351108639681789,7080,6166,1737,6753,12919,0.5943595877806405
MLP_weighted_reduced,reduced,l_shape,66,0.7788218815680541,21736,0.3905962458594038,0.6,0.6694423997055576,0.5793699063374286,0.5610129564193168,0.570043683801089,0.7351108639681789,9788,3458,3727,4763,8221,0.37822046374677953
MLP_weighted_reduced,reduced,l_shape,66,0.7788218815680541,21736,0.3905962458594038,0.7,0.6621273463378726,0.7119082840236687,0.22673733804475854,0.34393425049133464,0.7351108639681789,12467,779,6565,1925,2704,0.12440191387559808
MLP_weighted_reduced,reduced,l_shape,66,0.7788218815680541,21736,0.3905962458594038,0.8,0.6302447552447552,0.8098495212038304,0.06972909305064783,0.1284025593753389,0.7351108639681789,13107,139,7898,592,731,0.033630842841369156
MLP_weighted_reduced,reduced,l_shape,66,0.7788218815680541,21736,0.3905962458594038,0.9,0.6095417740154582,1.0,0.00035335689045936394,0.0007064641469445425,0.7351108639681789,13246,0,8487,3,3,0.00013801987486198014
MLP_weighted_reduced,reduced,boxes_cylinder,47,0.7516022251178224,21633,0.31317893958304444,0.3,0.5265566495631674,0.39098169926419724,0.9176383763837639,0.5483330393367437,0.728174745524545,5174,9684,558,6217,15901,0.7350344381269357
MLP_weighted_reduced,reduced,boxes_cylinder,47,0.7516022251178224,21633,0.31317893958304444,0.4,0.5952017750658716,0.42611094542201017,0.8435424354243543,0.5662059741417744,0.728174745524545,7161,7697,1060,5715,13412,0.6199787361900799
MLP_weighted_reduced,reduced,boxes_cylinder,47,0.7516022251178224,21633,0.31317893958304444,0.5,0.6492395876669902,0.46084192274347363,0.7061254612546125,0.5577057589181628,0.728174745524545,9261,5597,1991,4784,10381,0.4798687190865807
MLP_weighted_reduced,reduced,boxes_cylinder,47,0.7516022251178224,21633,0.31317893958304444,0.6,0.6939860398465307,0.5124658195271031,0.4702583025830258,0.49045566502463056,0.728174745524545,11827,3031,3589,3186,6217,0.28738501363657376
MLP_weighted_reduced,reduced,boxes_cylinder,47,0.7516022251178224,21633,0.31317893958304444,0.7,0.7127536633846439,0.604547148714126,0.23940959409594095,0.3429900613237471,0.728174745524545,13797,1061,5153,1622,2683,0.12402348264225951
MLP_weighted_reduced,reduced,boxes_cylinder,47,0.7516022251178224,21633,0.31317893958304444,0.8,0.7028613692044562,0.7740916271721959,0.07232472324723248,0.13228941684665227,0.728174745524545,14715,143,6285,490,633,0.029260851476910276
MLP_weighted_reduced,reduced,boxes_cylinder,47,0.7516022251178224,21633,0.31317893958304444,0.9,0.6868210604169556,0.0,0.0,0.0,0.728174745524545,14858,0,6775,0,0,0.0
MLP_weighted_reduced,reduced,wall_column,17,0.6988736118970192,21569,0.37308173767907643,0.3,0.5709119569752886,0.45580918934738074,0.7742015658009196,0.5737969145751785,0.678004668144831,6084,7438,1817,6230,13668,0.6336872363113728
MLP_weighted_reduced,reduced,wall_column,17,0.6988736118970192,21569,0.37308173767907643,0.4,0.6227919699568826,0.4958391771856007,0.6590033552876848,0.5658947817735567,0.678004668144831,8130,5392,2744,5303,10695,0.4958505262181835
MLP_weighted_reduced,reduced,wall_column,17,0.6988736118970192,21569,0.37308173767907643,0.5,0.6541796096249246,0.5358799121308274,0.5456691934882565,0.5407302506003325,0.678004668144831,9719,3803,3656,4391,8194,0.3798970745050767
MLP_weighted_reduced,reduced,wall_column,17,0.6988736118970192,21569,0.37308173767907643,0.6,0.6655848671704762,0.5769088897085947,0.38871629178575867,0.46447397728116413,0.678004668144831,11228,2294,4919,3128,5422,0.2513792943576429
MLP_weighted_reduced,reduced,wall_column,17,0.6988736118970192,21569,0.37308173767907643,0.7,0.6622003801752515,0.6308909528723771,0.2279110227413943,0.3348548475442761,0.678004668144831,12449,1073,6213,1834,2907,0.13477676294682184
MLP_weighted_reduced,reduced,wall_column,17,0.6988736118970192,21569,0.37308173767907643,0.8,0.640317121795169,0.7453310696095077,0.05455449235740027,0.10166743862899491,0.678004668144831,13372,150,7608,439,589,0.027307710139552136
MLP_weighted_reduced,reduced,wall_column,17,0.6988736118970192,21569,0.37308173767907643,0.9,0.6269182623209235,0.0,0.0,0.0,0.678004668144831,13522,0,8047,0,0,0.0
