model,heldout_real_case,epoch,train_loss,val_loss,best_epoch_so_far,best_val_loss_so_far
MLP_real_only_v3_soft_labels,20260626_143302_palletizer_005_part_2_refined_from_voxel005,1,0.6490286728169056,0.5493256960596357,1,0.5493256960596357
MLP_real_only_v3_soft_labels,20260626_143302_palletizer_005_part_2_refined_from_voxel005,2,0.5722248313274789,0.49677389434405733,2,0.49677389434405733
MLP_real_only_v3_soft_labels,20260626_143302_palletizer_005_part_2_refined_from_voxel005,3,0.554136297804244,0.505039896283831,2,0.49677389434405733
MLP_real_only_v3_soft_labels,20260626_143302_palletizer_005_part_2_refined_from_voxel005,4,0.5499911790198468,0.5085514528410775,2,0.49677389434405733
MLP_real_only_v3_soft_labels,20260626_143302_palletizer_005_part_2_refined_from_voxel005,5,0.5488808560878673,0.5122739928109306,2,0.49677389434405733
MLP_real_only_v3_soft_labels,20260626_143302_palletizer_005_part_2_refined_from_voxel005,6,0.5477711647114856,0.5122765132359096,2,0.49677389434405733
MLP_real_only_v3_soft_labels,20260626_143302_palletizer_005_part_2_refined_from_voxel005,7,0.5477453280002513,0.5124489835330418,2,0.49677389434405733
MLP_real_only_v3_soft_labels,20260626_143302_palletizer_005_part_2_refined_from_voxel005,8,0.5464025685127746,0.5135408469608852,2,0.49677389434405733
MLP_real_only_v3_soft_labels,20260626_143302_palletizer_005_part_2_refined_from_voxel005,9,0.5460055476807534,0.5129767273153577,2,0.49677389434405733
MLP_real_only_v3_soft_labels,20260626_143302_palletizer_005_part_2_refined_from_voxel005,10,0.5455214038808295,0.5155348437173026,2,0.49677389434405733
MLP_real_only_v3_soft_labels,20260626_143302_palletizer_005_part_2_refined_from_voxel005,11,0.5449386632188837,0.5168910665171487,2,0.49677389434405733
MLP_real_only_v3_soft_labels,20260626_143302_palletizer_005_part_2_refined_from_voxel005,12,0.5453027385346433,0.5175487441676003,2,0.49677389434405733
MLP_real_only_v3_soft_labels,20260626_143302_palletizer_005_part_2_refined_from_voxel005,13,0.5450932725946954,0.5190583041736058,2,0.49677389434405733
MLP_real_only_v3_soft_labels,20260626_143302_palletizer_005_part_2_refined_from_voxel005,14,0.5444727869743996,0.5177670504365649,2,0.49677389434405733
MLP_real_only_v3_soft_labels,20260626_143302_palletizer_005_part_2_refined_from_voxel005,15,0.5442745127576463,0.5152764958994729,2,0.49677389434405733
MLP_real_only_v3_soft_labels,20260626_143302_palletizer_005_part_2_refined_from_voxel005,16,0.5441255582139847,0.5153183681624276,2,0.49677389434405733
MLP_real_only_v3_soft_labels,20260626_143302_palletizer_005_part_2_refined_from_voxel005,17,0.5444074222382079,0.5149327601705279,2,0.49677389434405733
MLP_real_only_v3_soft_labels,20260626_144015_pallet_rack_05_part1_refined_from_voxel005,1,0.6055230537186498,0.6642219066619873,1,0.6642219066619873
MLP_real_only_v3_soft_labels,20260626_144015_pallet_rack_05_part1_refined_from_voxel005,2,0.5262203553448552,0.7132505178451538,1,0.6642219066619873
MLP_real_only_v3_soft_labels,20260626_144015_pallet_rack_05_part1_refined_from_voxel005,3,0.507512949731039,0.7027854442596435,1,0.6642219066619873
MLP_real_only_v3_soft_labels,20260626_144015_pallet_rack_05_part1_refined_from_voxel005,4,0.5065458624259286,0.6985075175762177,1,0.6642219066619873
MLP_real_only_v3_soft_labels,20260626_144015_pallet_rack_05_part1_refined_from_voxel005,5,0.5026598974414493,0.6994081377983093,1,0.6642219066619873
MLP_real_only_v3_soft_labels,20260626_144015_pallet_rack_05_part1_refined_from_voxel005,6,0.5031916745330977,0.6927967846393586,1,0.6642219066619873
MLP_real_only_v3_soft_labels,20260626_144015_pallet_rack_05_part1_refined_from_voxel005,7,0.5019160722908766,0.6978898227214814,1,0.6642219066619873
MLP_real_only_v3_soft_labels,20260626_144015_pallet_rack_05_part1_refined_from_voxel005,8,0.504325767574103,0.6932366788387299,1,0.6642219066619873
MLP_real_only_v3_soft_labels,20260626_144015_pallet_rack_05_part1_refined_from_voxel005,9,0.5027449642834456,0.695605480670929,1,0.6642219066619873
MLP_real_only_v3_soft_labels,20260626_144015_pallet_rack_05_part1_refined_from_voxel005,10,0.49970686176548834,0.6926210105419159,1,0.6642219066619873
MLP_real_only_v3_soft_labels,20260626_144015_pallet_rack_05_part1_refined_from_voxel005,11,0.5029389786979427,0.6915111720561982,1,0.6642219066619873
MLP_real_only_v3_soft_labels,20260626_144015_pallet_rack_05_part1_refined_from_voxel005,12,0.4983280165039975,0.695892733335495,1,0.6642219066619873
MLP_real_only_v3_soft_labels,20260626_144015_pallet_rack_05_part1_refined_from_voxel005,13,0.5023583769798279,0.6918699681758881,1,0.6642219066619873
MLP_real_only_v3_soft_labels,20260626_144015_pallet_rack_05_part1_refined_from_voxel005,14,0.4983343313569608,0.6910152316093445,1,0.6642219066619873
MLP_real_only_v3_soft_labels,20260626_144015_pallet_rack_05_part1_refined_from_voxel005,15,0.5019057684618494,0.6919257402420044,1,0.6642219066619873
MLP_real_only_v3_soft_labels,20260626_144015_pallet_rack_05_part1_refined_from_voxel005,16,0.5011597567278406,0.6909782767295838,1,0.6642219066619873
MLP_real_only_v3_soft_labels,20260626_161831_pallet_rack_cluster021_part1_ransac_icp_voxel005,1,0.6546571698594601,0.5962239702542623,1,0.5962239702542623
MLP_real_only_v3_soft_labels,20260626_161831_pallet_rack_cluster021_part1_ransac_icp_voxel005,2,0.5377664065107386,0.5887037465969721,2,0.5887037465969721
MLP_real_only_v3_soft_labels,20260626_161831_pallet_rack_cluster021_part1_ransac_icp_voxel005,3,0.5253851616636236,0.5876465439796448,3,0.5876465439796448
MLP_real_only_v3_soft_labels,20260626_161831_pallet_rack_cluster021_part1_ransac_icp_voxel005,4,0.5231155512180734,0.5869998782873154,4,0.5869998782873154
MLP_real_only_v3_soft_labels,20260626_161831_pallet_rack_cluster021_part1_ransac_icp_voxel005,5,0.5227943893442762,0.5873923798402151,4,0.5869998782873154
MLP_real_only_v3_soft_labels,20260626_161831_pallet_rack_cluster021_part1_ransac_icp_voxel005,6,0.5226050329969284,0.5874458303054174,4,0.5869998782873154
MLP_real_only_v3_soft_labels,20260626_161831_pallet_rack_cluster021_part1_ransac_icp_voxel005,7,0.5220768908236889,0.5865416427453359,7,0.5865416427453359
MLP_real_only_v3_soft_labels,20260626_161831_pallet_rack_cluster021_part1_ransac_icp_voxel005,8,0.5216115884324337,0.5865902950366338,7,0.5865416427453359
MLP_real_only_v3_soft_labels,20260626_161831_pallet_rack_cluster021_part1_ransac_icp_voxel005,9,0.5199879185950502,0.5866479376951853,7,0.5865416427453359
MLP_real_only_v3_soft_labels,20260626_161831_pallet_rack_cluster021_part1_ransac_icp_voxel005,10,0.520510659572926,0.5856960117816925,10,0.5856960117816925
MLP_real_only_v3_soft_labels,20260626_161831_pallet_rack_cluster021_part1_ransac_icp_voxel005,11,0.5195732864927738,0.5856708983580271,11,0.5856708983580271
MLP_real_only_v3_soft_labels,20260626_161831_pallet_rack_cluster021_part1_ransac_icp_voxel005,12,0.5200579305912586,0.5857014755407969,11,0.5856708983580271
MLP_real_only_v3_soft_labels,20260626_161831_pallet_rack_cluster021_part1_ransac_icp_voxel005,13,0.5194685205500177,0.5856908857822418,11,0.5856708983580271
MLP_real_only_v3_soft_labels,20260626_161831_pallet_rack_cluster021_part1_ransac_icp_voxel005,14,0.519137459866544,0.5864375332991282,11,0.5856708983580271
MLP_real_only_v3_soft_labels,20260626_161831_pallet_rack_cluster021_part1_ransac_icp_voxel005,15,0.5183687400310597,0.5855944554011027,15,0.5855944554011027
MLP_real_only_v3_soft_labels,20260626_161831_pallet_rack_cluster021_part1_ransac_icp_voxel005,16,0.5184068273990712,0.5863133668899536,15,0.5855944554011027
MLP_real_only_v3_soft_labels,20260626_161831_pallet_rack_cluster021_part1_ransac_icp_voxel005,17,0.5190665138528702,0.5857289632161459,15,0.5855944554011027
MLP_real_only_v3_soft_labels,20260626_161831_pallet_rack_cluster021_part1_ransac_icp_voxel005,18,0.5186383495939538,0.5848252673943838,18,0.5848252673943838
MLP_real_only_v3_soft_labels,20260626_161831_pallet_rack_cluster021_part1_ransac_icp_voxel005,19,0.5181521139246352,0.5861605008443197,18,0.5848252673943838
MLP_real_only_v3_soft_labels,20260626_161831_pallet_rack_cluster021_part1_ransac_icp_voxel005,20,0.5188042109316968,0.5857294797897339,18,0.5848252673943838
MLP_real_only_v3_soft_labels,20260626_161831_pallet_rack_cluster021_part1_ransac_icp_voxel005,21,0.5181017055156383,0.5855330725510915,18,0.5848252673943838
MLP_real_only_v3_soft_labels,20260626_161831_pallet_rack_cluster021_part1_ransac_icp_voxel005,22,0.5165431410708325,0.5856833755970001,18,0.5848252673943838
MLP_real_only_v3_soft_labels,20260626_161831_pallet_rack_cluster021_part1_ransac_icp_voxel005,23,0.5173746049404144,0.586415022611618,18,0.5848252673943838
MLP_real_only_v3_soft_labels,20260626_161831_pallet_rack_cluster021_part1_ransac_icp_voxel005,24,0.5173274665436847,0.5855820178985596,18,0.5848252673943838
MLP_real_only_v3_soft_labels,20260626_161831_pallet_rack_cluster021_part1_ransac_icp_voxel005,25,0.5173431406629846,0.5858730375766754,18,0.5848252673943838
MLP_real_only_v3_soft_labels,20260626_161831_pallet_rack_cluster021_part1_ransac_icp_voxel005,26,0.5175206635860686,0.5864575852950414,18,0.5848252673943838
MLP_real_only_v3_soft_labels,20260626_161831_pallet_rack_cluster021_part1_ransac_icp_voxel005,27,0.5166280180849927,0.5862942238648733,18,0.5848252673943838
MLP_real_only_v3_soft_labels,20260626_161831_pallet_rack_cluster021_part1_ransac_icp_voxel005,28,0.5162389341821062,0.5852660338083903,18,0.5848252673943838
MLP_real_only_v3_soft_labels,20260626_161831_pallet_rack_cluster021_part1_ransac_icp_voxel005,29,0.5164702997562733,0.5852420479059219,18,0.5848252673943838
MLP_real_only_v3_soft_labels,20260626_161831_pallet_rack_cluster021_part1_ransac_icp_voxel005,30,0.5165517006782775,0.5868773857752482,18,0.5848252673943838
MLP_real_only_v3_soft_labels,20260626_161831_pallet_rack_cluster021_part1_ransac_icp_voxel005,31,0.5163941560907567,0.5859066049257914,18,0.5848252673943838
MLP_real_only_v3_soft_labels,20260626_161831_pallet_rack_cluster021_part1_ransac_icp_voxel005,32,0.5158629544237827,0.5862870812416077,18,0.5848252673943838
MLP_real_only_v3_soft_labels,20260626_161831_pallet_rack_cluster021_part1_ransac_icp_voxel005,33,0.5157576812074539,0.5873093406359354,18,0.5848252673943838
MLP_real_only_v3_soft_labels,20260626_161911_pallet_rack_cluster021_part1_refined_from_voxel005,1,0.6109408323581402,0.5039061244044986,1,0.5039061244044986
MLP_real_only_v3_soft_labels,20260626_161911_pallet_rack_cluster021_part1_refined_from_voxel005,2,0.5604651004840167,0.4969630411693028,2,0.4969630411693028
MLP_real_only_v3_soft_labels,20260626_161911_pallet_rack_cluster021_part1_refined_from_voxel005,3,0.55583411302322,0.49478504061698914,3,0.49478504061698914
MLP_real_only_v3_soft_labels,20260626_161911_pallet_rack_cluster021_part1_refined_from_voxel005,4,0.5533067660453992,0.49422511884144377,4,0.49422511884144377
MLP_real_only_v3_soft_labels,20260626_161911_pallet_rack_cluster021_part1_refined_from_voxel005,5,0.550312626056182,0.4937318116426468,5,0.4937318116426468
MLP_real_only_v3_soft_labels,20260626_161911_pallet_rack_cluster021_part1_refined_from_voxel005,6,0.5498649019461411,0.49412485318524496,5,0.4937318116426468
MLP_real_only_v3_soft_labels,20260626_161911_pallet_rack_cluster021_part1_refined_from_voxel005,7,0.5487544872821906,0.493461080959865,7,0.493461080959865
MLP_real_only_v3_soft_labels,20260626_161911_pallet_rack_cluster021_part1_refined_from_voxel005,8,0.548258642355601,0.49450235281671795,7,0.493461080959865
MLP_real_only_v3_soft_labels,20260626_161911_pallet_rack_cluster021_part1_refined_from_voxel005,9,0.5469730649238977,0.4935219500746046,7,0.493461080959865
MLP_real_only_v3_soft_labels,20260626_161911_pallet_rack_cluster021_part1_refined_from_voxel005,10,0.5464574083303794,0.49295084178447723,10,0.49295084178447723
MLP_real_only_v3_soft_labels,20260626_161911_pallet_rack_cluster021_part1_refined_from_voxel005,11,0.5465674568445255,0.4921571207898004,11,0.4921571207898004
MLP_real_only_v3_soft_labels,20260626_161911_pallet_rack_cluster021_part1_refined_from_voxel005,12,0.5461189578741025,0.49206413328647614,12,0.49206413328647614
MLP_real_only_v3_soft_labels,20260626_161911_pallet_rack_cluster021_part1_refined_from_voxel005,13,0.545871649032984,0.4930855951138905,12,0.49206413328647614
MLP_real_only_v3_soft_labels,20260626_161911_pallet_rack_cluster021_part1_refined_from_voxel005,14,0.5454439062338609,0.4905147893088205,14,0.4905147893088205
MLP_real_only_v3_soft_labels,20260626_161911_pallet_rack_cluster021_part1_refined_from_voxel005,15,0.5442504928662226,0.4916523013796125,14,0.4905147893088205
MLP_real_only_v3_soft_labels,20260626_161911_pallet_rack_cluster021_part1_refined_from_voxel005,16,0.5442741482685773,0.49173290176051004,14,0.4905147893088205
MLP_real_only_v3_soft_labels,20260626_161911_pallet_rack_cluster021_part1_refined_from_voxel005,17,0.5454589021511567,0.49197404086589813,14,0.4905147893088205
MLP_real_only_v3_soft_labels,20260626_161911_pallet_rack_cluster021_part1_refined_from_voxel005,18,0.5444535643626482,0.49304657535893576,14,0.4905147893088205
MLP_real_only_v3_soft_labels,20260626_161911_pallet_rack_cluster021_part1_refined_from_voxel005,19,0.5439180487241501,0.49282887152263094,14,0.4905147893088205
MLP_real_only_v3_soft_labels,20260626_161911_pallet_rack_cluster021_part1_refined_from_voxel005,20,0.5439514212119274,0.49078195222786497,14,0.4905147893088205
MLP_real_only_v3_soft_labels,20260626_161911_pallet_rack_cluster021_part1_refined_from_voxel005,21,0.5438564435029641,0.4921572932175228,14,0.4905147893088205
MLP_real_only_v3_soft_labels,20260626_161911_pallet_rack_cluster021_part1_refined_from_voxel005,22,0.5435801790310786,0.4919983446598053,14,0.4905147893088205
MLP_real_only_v3_soft_labels,20260626_161911_pallet_rack_cluster021_part1_refined_from_voxel005,23,0.5430981364005651,0.49287148245743345,14,0.4905147893088205
MLP_real_only_v3_soft_labels,20260626_161911_pallet_rack_cluster021_part1_refined_from_voxel005,24,0.5429891393734858,0.49314521678856443,14,0.4905147893088205
MLP_real_only_v3_soft_labels,20260626_161911_pallet_rack_cluster021_part1_refined_from_voxel005,25,0.5430458310322884,0.49288804829120636,14,0.4905147893088205
MLP_real_only_v3_soft_labels,20260626_161911_pallet_rack_cluster021_part1_refined_from_voxel005,26,0.5420005535468077,0.4938166396958487,14,0.4905147893088205
MLP_real_only_v3_soft_labels,20260626_161911_pallet_rack_cluster021_part1_refined_from_voxel005,27,0.542591739923526,0.4934727336679186,14,0.4905147893088205
MLP_real_only_v3_soft_labels,20260626_161911_pallet_rack_cluster021_part1_refined_from_voxel005,28,0.5411523763950055,0.49421505842890057,14,0.4905147893088205
MLP_real_only_v3_soft_labels,20260626_161911_pallet_rack_cluster021_part1_refined_from_voxel005,29,0.5417646215512202,0.492490006344659,14,0.4905147893088205
MLP_real_only_v3_soft_labels,20260626_163327_pallet_rack_cluster022_part1_ransac_icp_voxel005,1,0.6859295239319673,0.6316884318987529,1,0.6316884318987529
MLP_real_only_v3_soft_labels,20260626_163327_pallet_rack_cluster022_part1_ransac_icp_voxel005,2,0.5886336420033429,0.5531231621901195,2,0.5531231621901195
MLP_real_only_v3_soft_labels,20260626_163327_pallet_rack_cluster022_part1_ransac_icp_voxel005,3,0.5540830573520145,0.552020913362503,3,0.552020913362503
MLP_real_only_v3_soft_labels,20260626_163327_pallet_rack_cluster022_part1_ransac_icp_voxel005,4,0.5501048436035981,0.5524951040744781,3,0.552020913362503
MLP_real_only_v3_soft_labels,20260626_163327_pallet_rack_cluster022_part1_ransac_icp_voxel005,5,0.5493570437302461,0.554118671019872,3,0.552020913362503
MLP_real_only_v3_soft_labels,20260626_163327_pallet_rack_cluster022_part1_ransac_icp_voxel005,6,0.5488302562687848,0.555083433787028,3,0.552020913362503
MLP_real_only_v3_soft_labels,20260626_163327_pallet_rack_cluster022_part1_ransac_icp_voxel005,7,0.5479358434677124,0.5555477241675059,3,0.552020913362503
MLP_real_only_v3_soft_labels,20260626_163327_pallet_rack_cluster022_part1_ransac_icp_voxel005,8,0.5478658482835099,0.554890118042628,3,0.552020913362503
MLP_real_only_v3_soft_labels,20260626_163327_pallet_rack_cluster022_part1_ransac_icp_voxel005,9,0.5473594729964798,0.5556858619054158,3,0.552020913362503
MLP_real_only_v3_soft_labels,20260626_163327_pallet_rack_cluster022_part1_ransac_icp_voxel005,10,0.5463170554186847,0.5558806697527567,3,0.552020913362503
MLP_real_only_v3_soft_labels,20260626_163327_pallet_rack_cluster022_part1_ransac_icp_voxel005,11,0.545733751477422,0.5552569111188252,3,0.552020913362503
MLP_real_only_v3_soft_labels,20260626_163327_pallet_rack_cluster022_part1_ransac_icp_voxel005,12,0.5461684707048777,0.5554287930329641,3,0.552020913362503
MLP_real_only_v3_soft_labels,20260626_163327_pallet_rack_cluster022_part1_ransac_icp_voxel005,13,0.545708007103688,0.5561010162035624,3,0.552020913362503
MLP_real_only_v3_soft_labels,20260626_163327_pallet_rack_cluster022_part1_ransac_icp_voxel005,14,0.546403934826722,0.5561599671840668,3,0.552020913362503
MLP_real_only_v3_soft_labels,20260626_163327_pallet_rack_cluster022_part1_ransac_icp_voxel005,15,0.5447758210671915,0.5563141902287801,3,0.552020913362503
MLP_real_only_v3_soft_labels,20260626_163327_pallet_rack_cluster022_part1_ransac_icp_voxel005,16,0.5449532721493695,0.5568705101807913,3,0.552020913362503
MLP_real_only_v3_soft_labels,20260626_163327_pallet_rack_cluster022_part1_ransac_icp_voxel005,17,0.5447176421010816,0.5558057606220246,3,0.552020913362503
MLP_real_only_v3_soft_labels,20260626_163327_pallet_rack_cluster022_part1_ransac_icp_voxel005,18,0.5450324931660214,0.5574914634227752,3,0.552020913362503
MLP_real_only_v3_soft_labels,20260703_131528_rm00_0260_02_cluster022_part1_ransac_icp_voxel005,1,0.6498768899175856,0.503195021301508,1,0.503195021301508
MLP_real_only_v3_soft_labels,20260703_131528_rm00_0260_02_cluster022_part1_ransac_icp_voxel005,2,0.5661326991187201,0.4438621588051319,2,0.4438621588051319
MLP_real_only_v3_soft_labels,20260703_131528_rm00_0260_02_cluster022_part1_ransac_icp_voxel005,3,0.5579070753521389,0.45445359125733376,2,0.4438621588051319
MLP_real_only_v3_soft_labels,20260703_131528_rm00_0260_02_cluster022_part1_ransac_icp_voxel005,4,0.5555853989389208,0.456136766821146,2,0.4438621588051319
MLP_real_only_v3_soft_labels,20260703_131528_rm00_0260_02_cluster022_part1_ransac_icp_voxel005,5,0.5552151348855761,0.4545147456228733,2,0.4438621588051319
MLP_real_only_v3_soft_labels,20260703_131528_rm00_0260_02_cluster022_part1_ransac_icp_voxel005,6,0.5550209800402324,0.457369152456522,2,0.4438621588051319
MLP_real_only_v3_soft_labels,20260703_131528_rm00_0260_02_cluster022_part1_ransac_icp_voxel005,7,0.5544333987765842,0.45964329317212105,2,0.4438621588051319
MLP_real_only_v3_soft_labels,20260703_131528_rm00_0260_02_cluster022_part1_ransac_icp_voxel005,8,0.5525636884901258,0.462043397128582,2,0.4438621588051319
MLP_real_only_v3_soft_labels,20260703_131528_rm00_0260_02_cluster022_part1_ransac_icp_voxel005,9,0.5521852440304227,0.45957616344094276,2,0.4438621588051319
MLP_real_only_v3_soft_labels,20260703_131528_rm00_0260_02_cluster022_part1_ransac_icp_voxel005,10,0.5526196095678542,0.45940012112259865,2,0.4438621588051319
MLP_real_only_v3_soft_labels,20260703_131528_rm00_0260_02_cluster022_part1_ransac_icp_voxel005,11,0.5524562994639078,0.45767441391944885,2,0.4438621588051319
MLP_real_only_v3_soft_labels,20260703_131528_rm00_0260_02_cluster022_part1_ransac_icp_voxel005,12,0.5512450695037842,0.4602806195616722,2,0.4438621588051319
MLP_real_only_v3_soft_labels,20260703_131528_rm00_0260_02_cluster022_part1_ransac_icp_voxel005,13,0.5511338896221585,0.45964808389544487,2,0.4438621588051319
MLP_real_only_v3_soft_labels,20260703_131528_rm00_0260_02_cluster022_part1_ransac_icp_voxel005,14,0.5507133775287204,0.4547402746975422,2,0.4438621588051319
MLP_real_only_v3_soft_labels,20260703_131528_rm00_0260_02_cluster022_part1_ransac_icp_voxel005,15,0.5509861999087864,0.46119945868849754,2,0.4438621588051319
MLP_real_only_v3_soft_labels,20260703_131528_rm00_0260_02_cluster022_part1_ransac_icp_voxel005,16,0.5511218084229363,0.46566707268357277,2,0.4438621588051319
MLP_real_only_v3_soft_labels,20260703_131528_rm00_0260_02_cluster022_part1_ransac_icp_voxel005,17,0.5506185703807407,0.4614761732518673,2,0.4438621588051319
MLP_real_only_v3_soft_labels,20260703_135250_rm00_0260_02_cluster029_full_refined_from_voxel005,1,0.6146480242411295,0.5246587296326956,1,0.5246587296326956
MLP_real_only_v3_soft_labels,20260703_135250_rm00_0260_02_cluster029_full_refined_from_voxel005,2,0.5369425707393223,0.5040333436595069,2,0.5040333436595069
MLP_real_only_v3_soft_labels,20260703_135250_rm00_0260_02_cluster029_full_refined_from_voxel005,3,0.5283173706796435,0.5170200135972765,2,0.5040333436595069
MLP_real_only_v3_soft_labels,20260703_135250_rm00_0260_02_cluster029_full_refined_from_voxel005,4,0.5255800644556682,0.5222101906935374,2,0.5040333436595069
MLP_real_only_v3_soft_labels,20260703_135250_rm00_0260_02_cluster029_full_refined_from_voxel005,5,0.5248105817370945,0.5230390429496765,2,0.5040333436595069
MLP_real_only_v3_soft_labels,20260703_135250_rm00_0260_02_cluster029_full_refined_from_voxel005,6,0.5234482440683577,0.5260712537500594,2,0.5040333436595069
MLP_real_only_v3_soft_labels,20260703_135250_rm00_0260_02_cluster029_full_refined_from_voxel005,7,0.5229070782661438,0.5256736046738095,2,0.5040333436595069
MLP_real_only_v3_soft_labels,20260703_135250_rm00_0260_02_cluster029_full_refined_from_voxel005,8,0.5215181940131717,0.5270198153124915,2,0.5040333436595069
MLP_real_only_v3_soft_labels,20260703_135250_rm00_0260_02_cluster029_full_refined_from_voxel005,9,0.521947995821635,0.5281608700752258,2,0.5040333436595069
MLP_real_only_v3_soft_labels,20260703_135250_rm00_0260_02_cluster029_full_refined_from_voxel005,10,0.5215595497025384,0.5280099345578088,2,0.5040333436595069
MLP_real_only_v3_soft_labels,20260703_135250_rm00_0260_02_cluster029_full_refined_from_voxel005,11,0.5211215721236335,0.5288449227809906,2,0.5040333436595069
MLP_real_only_v3_soft_labels,20260703_135250_rm00_0260_02_cluster029_full_refined_from_voxel005,12,0.5202998671266768,0.52947998046875,2,0.5040333436595069
MLP_real_only_v3_soft_labels,20260703_135250_rm00_0260_02_cluster029_full_refined_from_voxel005,13,0.519873376025094,0.529818422264523,2,0.5040333436595069
MLP_real_only_v3_soft_labels,20260703_135250_rm00_0260_02_cluster029_full_refined_from_voxel005,14,0.5206307848294576,0.5292752815617455,2,0.5040333436595069
MLP_real_only_v3_soft_labels,20260703_135250_rm00_0260_02_cluster029_full_refined_from_voxel005,15,0.5199209643734826,0.5284832649760776,2,0.5040333436595069
MLP_real_only_v3_soft_labels,20260703_135250_rm00_0260_02_cluster029_full_refined_from_voxel005,16,0.519847610923979,0.5277236137125227,2,0.5040333436595069
MLP_real_only_v3_soft_labels,20260703_135250_rm00_0260_02_cluster029_full_refined_from_voxel005,17,0.5198019431696997,0.5290938781367408,2,0.5040333436595069
MLP_real_only_v3_soft_labels,20260706_130424_table_cluster004_table1_refined_from_identity_scale1,1,0.6187989724719006,0.5513733565807343,1,0.5513733565807343
MLP_real_only_v3_soft_labels,20260706_130424_table_cluster004_table1_refined_from_identity_scale1,2,0.5570743589297585,0.5317749798297882,2,0.5317749798297882
MLP_real_only_v3_soft_labels,20260706_130424_table_cluster004_table1_refined_from_identity_scale1,3,0.543948356224143,0.5536051005125046,2,0.5317749798297882
MLP_real_only_v3_soft_labels,20260706_130424_table_cluster004_table1_refined_from_identity_scale1,4,0.5410347321759099,0.5677778214216233,2,0.5317749798297882
MLP_real_only_v3_soft_labels,20260706_130424_table_cluster004_table1_refined_from_identity_scale1,5,0.5398772618044978,0.5762498617172241,2,0.5317749798297882
MLP_real_only_v3_soft_labels,20260706_130424_table_cluster004_table1_refined_from_identity_scale1,6,0.5396413945633433,0.5828508168458939,2,0.5317749798297882
MLP_real_only_v3_soft_labels,20260706_130424_table_cluster004_table1_refined_from_identity_scale1,7,0.5380220763061357,0.5853779643774033,2,0.5317749798297882
MLP_real_only_v3_soft_labels,20260706_130424_table_cluster004_table1_refined_from_identity_scale1,8,0.5361904618532761,0.5904139071702957,2,0.5317749798297882
MLP_real_only_v3_soft_labels,20260706_130424_table_cluster004_table1_refined_from_identity_scale1,9,0.5359926690226016,0.5927564442157746,2,0.5317749798297882
MLP_real_only_v3_soft_labels,20260706_130424_table_cluster004_table1_refined_from_identity_scale1,10,0.5352745250515316,0.5924749881029129,2,0.5317749798297882
MLP_real_only_v3_soft_labels,20260706_130424_table_cluster004_table1_refined_from_identity_scale1,11,0.5348974414493727,0.5945564359426498,2,0.5317749798297882
MLP_real_only_v3_soft_labels,20260706_130424_table_cluster004_table1_refined_from_identity_scale1,12,0.5344993588717087,0.5974609315395355,2,0.5317749798297882
MLP_real_only_v3_soft_labels,20260706_130424_table_cluster004_table1_refined_from_identity_scale1,13,0.5337998944780101,0.5961842328310013,2,0.5317749798297882
MLP_real_only_v3_soft_labels,20260706_130424_table_cluster004_table1_refined_from_identity_scale1,14,0.5334898479606794,0.5966360658407212,2,0.5317749798297882
MLP_real_only_v3_soft_labels,20260706_130424_table_cluster004_table1_refined_from_identity_scale1,15,0.5327742592148159,0.5978752762079239,2,0.5317749798297882
MLP_real_only_v3_soft_labels,20260706_130424_table_cluster004_table1_refined_from_identity_scale1,16,0.5326848056005395,0.6003896325826645,2,0.5317749798297882
MLP_real_only_v3_soft_labels,20260706_130424_table_cluster004_table1_refined_from_identity_scale1,17,0.5320423297260118,0.6018771767616272,2,0.5317749798297882
MLP_real_only_v3_soft_labels,20260706_145031_table2_cluster004_table2_refined_from_identity,1,0.6140529420640733,0.51998889872006,1,0.51998889872006
MLP_real_only_v3_soft_labels,20260706_145031_table2_cluster004_table2_refined_from_identity,2,0.549398828877343,0.4694162224020277,2,0.4694162224020277
MLP_real_only_v3_soft_labels,20260706_145031_table2_cluster004_table2_refined_from_identity,3,0.5393029928207398,0.4694542331354959,2,0.4694162224020277
MLP_real_only_v3_soft_labels,20260706_145031_table2_cluster004_table2_refined_from_identity,4,0.5380046168963114,0.4664417931011745,4,0.4664417931011745
MLP_real_only_v3_soft_labels,20260706_145031_table2_cluster004_table2_refined_from_identity,5,0.5362623585595025,0.4705071236406054,4,0.4664417931011745
MLP_real_only_v3_soft_labels,20260706_145031_table2_cluster004_table2_refined_from_identity,6,0.5350690960884095,0.47258823684283663,4,0.4664417931011745
MLP_real_only_v3_soft_labels,20260706_145031_table2_cluster004_table2_refined_from_identity,7,0.534762876563602,0.4729843735694885,4,0.4664417931011745
MLP_real_only_v3_soft_labels,20260706_145031_table2_cluster004_table2_refined_from_identity,8,0.533932034836875,0.47524463704654146,4,0.4664417931011745
MLP_real_only_v3_soft_labels,20260706_145031_table2_cluster004_table2_refined_from_identity,9,0.5337120413780212,0.47724507110459463,4,0.4664417931011745
MLP_real_only_v3_soft_labels,20260706_145031_table2_cluster004_table2_refined_from_identity,10,0.5326766020721859,0.47833989773477825,4,0.4664417931011745
MLP_real_only_v3_soft_labels,20260706_145031_table2_cluster004_table2_refined_from_identity,11,0.533118810918596,0.4801190708364759,4,0.4664417931011745
MLP_real_only_v3_soft_labels,20260706_145031_table2_cluster004_table2_refined_from_identity,12,0.5324388636483086,0.48301142028399874,4,0.4664417931011745
MLP_real_only_v3_soft_labels,20260706_145031_table2_cluster004_table2_refined_from_identity,13,0.531772850619422,0.4817251179899488,4,0.4664417931011745
MLP_real_only_v3_soft_labels,20260706_145031_table2_cluster004_table2_refined_from_identity,14,0.5320717910925548,0.48332156028066364,4,0.4664417931011745
MLP_real_only_v3_soft_labels,20260706_145031_table2_cluster004_table2_refined_from_identity,15,0.5316735002729628,0.48398910249982563,4,0.4664417931011745
MLP_real_only_v3_soft_labels,20260706_145031_table2_cluster004_table2_refined_from_identity,16,0.5316575580173069,0.48516408034733366,4,0.4664417931011745
MLP_real_only_v3_soft_labels,20260706_145031_table2_cluster004_table2_refined_from_identity,17,0.5311193744341532,0.48640317150524687,4,0.4664417931011745
MLP_real_only_v3_soft_labels,20260706_145031_table2_cluster004_table2_refined_from_identity,18,0.5320668286747403,0.48328129734311787,4,0.4664417931011745
MLP_real_only_v3_soft_labels,20260706_145031_table2_cluster004_table2_refined_from_identity,19,0.530525533358256,0.48307776025363375,4,0.4664417931011745
MLP_real_only_v3_soft_labels,20260706_150131_table3_cluster004_table3_refined_from_identity,1,0.6130794350137102,0.5587696880102158,1,0.5587696880102158
MLP_real_only_v3_soft_labels,20260706_150131_table3_cluster004_table3_refined_from_identity,2,0.5497673952833135,0.5718557611107826,1,0.5587696880102158
MLP_real_only_v3_soft_labels,20260706_150131_table3_cluster004_table3_refined_from_identity,3,0.5438654942715422,0.5809242054820061,1,0.5587696880102158
MLP_real_only_v3_soft_labels,20260706_150131_table3_cluster004_table3_refined_from_identity,4,0.5413471384251372,0.5864540338516235,1,0.5587696880102158
MLP_real_only_v3_soft_labels,20260706_150131_table3_cluster004_table3_refined_from_identity,5,0.540426622045801,0.5877479091286659,1,0.5587696880102158
MLP_real_only_v3_soft_labels,20260706_150131_table3_cluster004_table3_refined_from_identity,6,0.5390222655965927,0.5935034081339836,1,0.5587696880102158
MLP_real_only_v3_soft_labels,20260706_150131_table3_cluster004_table3_refined_from_identity,7,0.5391523939497928,0.5980284214019775,1,0.5587696880102158
MLP_real_only_v3_soft_labels,20260706_150131_table3_cluster004_table3_refined_from_identity,8,0.5371081004751489,0.5980356335639954,1,0.5587696880102158
MLP_real_only_v3_soft_labels,20260706_150131_table3_cluster004_table3_refined_from_identity,9,0.5370243889220218,0.6012966483831406,1,0.5587696880102158
MLP_real_only_v3_soft_labels,20260706_150131_table3_cluster004_table3_refined_from_identity,10,0.5360308758755947,0.6014468297362328,1,0.5587696880102158
MLP_real_only_v3_soft_labels,20260706_150131_table3_cluster004_table3_refined_from_identity,11,0.5363798724844101,0.6049306839704514,1,0.5587696880102158
MLP_real_only_v3_soft_labels,20260706_150131_table3_cluster004_table3_refined_from_identity,12,0.5358022958674329,0.6048532053828239,1,0.5587696880102158
MLP_real_only_v3_soft_labels,20260706_150131_table3_cluster004_table3_refined_from_identity,13,0.5346956164278882,0.6057110875844955,1,0.5587696880102158
MLP_real_only_v3_soft_labels,20260706_150131_table3_cluster004_table3_refined_from_identity,14,0.5344285381601211,0.6078089401125908,1,0.5587696880102158
MLP_real_only_v3_soft_labels,20260706_150131_table3_cluster004_table3_refined_from_identity,15,0.5345338798583822,0.6059646084904671,1,0.5587696880102158
MLP_real_only_v3_soft_labels,20260706_150131_table3_cluster004_table3_refined_from_identity,16,0.5341903757541737,0.6098898872733116,1,0.5587696880102158
MLP_real_only_v3_soft_labels,20260706_153654_table_fanuc_cluster000_table1_refined_from_identity,1,0.6550341615310082,0.6090962141752243,1,0.6090962141752243
MLP_real_only_v3_soft_labels,20260706_153654_table_fanuc_cluster000_table1_refined_from_identity,2,0.5734113592367905,0.5842068530619144,2,0.5842068530619144
MLP_real_only_v3_soft_labels,20260706_153654_table_fanuc_cluster000_table1_refined_from_identity,3,0.5569038895460275,0.5758159421384335,3,0.5758159421384335
MLP_real_only_v3_soft_labels,20260706_153654_table_fanuc_cluster000_table1_refined_from_identity,4,0.5528856943815182,0.5761942900717258,3,0.5758159421384335
MLP_real_only_v3_soft_labels,20260706_153654_table_fanuc_cluster000_table1_refined_from_identity,5,0.5509866781723805,0.5780740529298782,3,0.5758159421384335
MLP_real_only_v3_soft_labels,20260706_153654_table_fanuc_cluster000_table1_refined_from_identity,6,0.5502512561969268,0.5785773321986198,3,0.5758159421384335
MLP_real_only_v3_soft_labels,20260706_153654_table_fanuc_cluster000_table1_refined_from_identity,7,0.5488896675598927,0.5819527506828308,3,0.5758159421384335
MLP_real_only_v3_soft_labels,20260706_153654_table_fanuc_cluster000_table1_refined_from_identity,8,0.5482953435335404,0.583875797688961,3,0.5758159421384335
MLP_real_only_v3_soft_labels,20260706_153654_table_fanuc_cluster000_table1_refined_from_identity,9,0.5479966402053833,0.585045151412487,3,0.5758159421384335
MLP_real_only_v3_soft_labels,20260706_153654_table_fanuc_cluster000_table1_refined_from_identity,10,0.5473241729614062,0.5855375342071056,3,0.5758159421384335
MLP_real_only_v3_soft_labels,20260706_153654_table_fanuc_cluster000_table1_refined_from_identity,11,0.5465067334664173,0.5873232409358025,3,0.5758159421384335
MLP_real_only_v3_soft_labels,20260706_153654_table_fanuc_cluster000_table1_refined_from_identity,12,0.5459722662583376,0.5897610671818256,3,0.5758159421384335
MLP_real_only_v3_soft_labels,20260706_153654_table_fanuc_cluster000_table1_refined_from_identity,13,0.5454497444324005,0.5900776498019695,3,0.5758159421384335
MLP_real_only_v3_soft_labels,20260706_153654_table_fanuc_cluster000_table1_refined_from_identity,14,0.5452824624685141,0.5906964875757694,3,0.5758159421384335
MLP_real_only_v3_soft_labels,20260706_153654_table_fanuc_cluster000_table1_refined_from_identity,15,0.5458924159025534,0.591665618121624,3,0.5758159421384335
MLP_real_only_v3_soft_labels,20260706_153654_table_fanuc_cluster000_table1_refined_from_identity,16,0.5448730160028507,0.5911795794963837,3,0.5758159421384335
MLP_real_only_v3_soft_labels,20260706_153654_table_fanuc_cluster000_table1_refined_from_identity,17,0.5449250737826029,0.5925621055066586,3,0.5758159421384335
MLP_real_only_v3_soft_labels,20260706_153654_table_fanuc_cluster000_table1_refined_from_identity,18,0.5441320783052689,0.5906981118023396,3,0.5758159421384335
MLP_real_only_v3_soft_labels,20260707_154904_ur10_choko_base_cluster016_base_refined_from_center_v2,1,0.6607726033853025,0.5336226139749799,1,0.5336226139749799
MLP_real_only_v3_soft_labels,20260707_154904_ur10_choko_base_cluster016_base_refined_from_center_v2,2,0.5579344946510938,0.5085378885269165,2,0.5085378885269165
MLP_real_only_v3_soft_labels,20260707_154904_ur10_choko_base_cluster016_base_refined_from_center_v2,3,0.5481197566402202,0.5106984078884125,2,0.5085378885269165
MLP_real_only_v3_soft_labels,20260707_154904_ur10_choko_base_cluster016_base_refined_from_center_v2,4,0.5464148764707604,0.5121969069753375,2,0.5085378885269165
MLP_real_only_v3_soft_labels,20260707_154904_ur10_choko_base_cluster016_base_refined_from_center_v2,5,0.5457906881157233,0.5107993142945426,2,0.5085378885269165
MLP_real_only_v3_soft_labels,20260707_154904_ur10_choko_base_cluster016_base_refined_from_center_v2,6,0.5452152733900109,0.5116936947618212,2,0.5085378885269165
MLP_real_only_v3_soft_labels,20260707_154904_ur10_choko_base_cluster016_base_refined_from_center_v2,7,0.5450523203733016,0.5132178919655936,2,0.5085378885269165
MLP_real_only_v3_soft_labels,20260707_154904_ur10_choko_base_cluster016_base_refined_from_center_v2,8,0.5446534837995257,0.5117528736591339,2,0.5085378885269165
MLP_real_only_v3_soft_labels,20260707_154904_ur10_choko_base_cluster016_base_refined_from_center_v2,9,0.5438718406521544,0.5118495438780103,2,0.5085378885269165
MLP_real_only_v3_soft_labels,20260707_154904_ur10_choko_base_cluster016_base_refined_from_center_v2,10,0.5429039828631342,0.5118414419037955,2,0.5085378885269165
MLP_real_only_v3_soft_labels,20260707_154904_ur10_choko_base_cluster016_base_refined_from_center_v2,11,0.5427635859469978,0.5109002207006726,2,0.5085378885269165
MLP_real_only_v3_soft_labels,20260707_154904_ur10_choko_base_cluster016_base_refined_from_center_v2,12,0.5426037883271977,0.5114090272358486,2,0.5085378885269165
MLP_real_only_v3_soft_labels,20260707_154904_ur10_choko_base_cluster016_base_refined_from_center_v2,13,0.5423570032022438,0.5105000947202954,2,0.5085378885269165
MLP_real_only_v3_soft_labels,20260707_154904_ur10_choko_base_cluster016_base_refined_from_center_v2,14,0.5428859104915541,0.5118184728281838,2,0.5085378885269165
MLP_real_only_v3_soft_labels,20260707_154904_ur10_choko_base_cluster016_base_refined_from_center_v2,15,0.5425738120565609,0.5099642191614423,2,0.5085378885269165
MLP_real_only_v3_soft_labels,20260707_154904_ur10_choko_base_cluster016_base_refined_from_center_v2,16,0.5424065492591079,0.5111132562160492,2,0.5085378885269165
MLP_real_only_v3_soft_labels,20260707_154904_ur10_choko_base_cluster016_base_refined_from_center_v2,17,0.5420715492598864,0.5108817304883685,2,0.5085378885269165
