sample_id,scenario,source_index,target_index,distance_T0,point_to_plane_residual,normal_dot_abs,fpfh_distance,log_normalized_density_ratio,is_mutual_nn,label_distance,target_weight
real_20260706_163705_mir_charger_cluster025_refined_from_identity_medium,real_previous_registration,0,64,0.03728526223362184,0.008903381894114456,0.5920352549063973,54.41198077758085,0.2476394652418011,0,0.08216455506849245,1
real_20260706_163705_mir_charger_cluster025_refined_from_identity_medium,real_previous_registration,1,123,0.06769486351717084,0.020444620259622286,0.5369894273312387,119.43666116677923,1.1862686185379885,0,0.11926408714726942,0
real_20260706_163705_mir_charger_cluster025_refined_from_identity_medium,real_previous_registration,2,125,0.056992807411924494,0.04254238904474501,0.9183127409340768,48.24372377091823,0.020687510462639447,1,0.08027938470645225,1
real_20260706_163705_mir_charger_cluster025_refined_from_identity_medium,real_previous_registration,3,82,0.04058413250428645,0.028219550923689423,0.9870472451235388,59.25049199610416,0.0555697940120122,0,0.04339450317280649,1
real_20260706_163705_mir_charger_cluster025_refined_from_identity_medium,real_previous_registration,4,105,0.04730337261024053,0.04124968701219116,0.9689453973074222,46.27534587336846,0.40798187699205374,0,0.07496718287444125,1
real_20260706_163705_mir_charger_cluster025_refined_from_identity_medium,real_previous_registration,5,193,0.07355230590887882,0.01586041846009073,0.9634917441308019,204.29214582675192,3.337588892613877,0,0.1239696955445411,0
real_20260706_163705_mir_charger_cluster025_refined_from_identity_medium,real_previous_registration,6,152,0.05539087282049871,0.05185740300779807,0.9547276304684037,55.639753439705295,0.3603538801865195,0,0.0731943639807082,1
real_20260706_163705_mir_charger_cluster025_refined_from_identity_medium,real_previous_registration,7,209,0.03513362345626288,0.026226113716905475,0.9938540325503391,59.28602232432459,0.4543697245746894,0,0.038143830344752105,1
real_20260706_163705_mir_charger_cluster025_refined_from_identity_medium,real_previous_registration,8,66,0.02010900029382096,0.009542344597378342,0.9495692605331322,48.29354864876208,-0.33323610491869166,1,0.05348449537512687,1
real_20260706_163705_mir_charger_cluster025_refined_from_identity_medium,real_previous_registration,9,32,0.03979446543942807,0.00872869261748253,0.7773636345164263,51.30214959741846,-0.6595554133736502,0,0.09703899824639817,1
real_20260706_163705_mir_charger_cluster025_refined_from_identity_medium,real_previous_registration,10,104,0.024109742888707257,0.007889204882991871,0.9896524910195955,42.39531324253835,0.37432713549072066,0,0.07031383522582174,1
real_20260706_163705_mir_charger_cluster025_refined_from_identity_medium,real_previous_registration,11,151,0.0339770946222035,0.012529273346728119,0.905554157436471,64.64921195213516,0.7420512831385058,1,0.07320847756386203,1
real_20260706_163705_mir_charger_cluster025_refined_from_identity_medium,real_previous_registration,12,28,0.049548866506905064,0.02618206453362957,0.9775535286589276,74.41004628707122,0.3275033083053248,0,0.02134400342679585,1
real_20260706_163705_mir_charger_cluster025_refined_from_identity_medium,real_previous_registration,13,1,0.03188739784523757,0.012265102622501158,0.3973901852293886,48.11784753573796,-0.335506109779537,0,0.08768246097707225,1
real_20260706_163705_mir_charger_cluster025_refined_from_identity_medium,real_previous_registration,14,52,0.034070540308262884,0.018360907946621742,0.8749490174386102,61.08152079758806,0.09243134546917607,0,0.05692389324956448,1
real_20260706_163705_mir_charger_cluster025_refined_from_identity_medium,real_previous_registration,15,7,0.018785606714905517,0.01107445361886225,0.5060320320984226,64.29664786836231,-0.5743978534984784,1,0.0848970263157169,1
real_20260706_163705_mir_charger_cluster025_refined_from_identity_medium,real_previous_registration,16,164,0.029367938446506914,0.028999557078549572,0.22686755503181297,64.44240129119166,-0.12390464861748039,0,0.04007384089843416,1
real_20260706_163705_mir_charger_cluster025_refined_from_identity_medium,real_previous_registration,17,158,0.06309763061016414,0.04131940409146677,0.5308656350310275,108.7040350941576,1.0144185129269851,0,0.10763061999806356,0
real_20260706_163705_mir_charger_cluster025_refined_from_identity_medium,real_previous_registration,18,158,0.09127852782768688,0.024262958772630225,0.5798046499714273,126.8585861972805,1.1322014421019837,0,0.10579759247823937,0
real_20260706_163705_mir_charger_cluster025_refined_from_identity_medium,real_previous_registration,19,184,0.01615773285980155,0.00016486903603822513,0.9170635487142779,56.26457657395088,-0.06930342562318963,1,0.06456821516735263,1
real_20260706_163705_mir_charger_cluster025_refined_from_identity_medium,real_previous_registration,20,29,0.04731487220415851,0.037438927756393986,0.029738916395918358,90.19658221078986,0.16526858053266136,0,0.08037734675051487,1
real_20260706_163705_mir_charger_cluster025_refined_from_identity_medium,real_previous_registration,21,86,0.03372865684645231,0.004745650197091262,0.9703735637092026,63.00168198995739,0.42582634168874073,0,0.04442957977584686,1
real_20260706_163705_mir_charger_cluster025_refined_from_identity_medium,real_previous_registration,22,184,0.03022044783023287,0.01619203577953403,0.889277351664538,52.436505065524685,0.059908209723136756,0,0.0545591101269518,1
real_20260706_163705_mir_charger_cluster025_refined_from_identity_medium,real_previous_registration,23,209,0.034434184884342973,0.00944775230108984,0.9561897086393525,55.683543171260034,0.4960423810274016,1,0.0746232340699965,1
real_20260706_163705_mir_charger_cluster025_refined_from_identity_medium,real_previous_registration,24,157,0.026530063435111398,0.0027407617373520774,0.9707948415156993,102.66484394112703,-0.09994036717003432,1,0.06417119621979232,1
real_20260706_163705_mir_charger_cluster025_refined_from_identity_medium,real_previous_registration,25,200,0.04884787005094267,0.04576661136106096,0.3228260704912974,78.28459334085102,0.5413809614130298,0,0.10292603956864234,0
real_20260706_163705_mir_charger_cluster025_refined_from_identity_medium,real_previous_registration,26,158,0.06554341492403899,0.029608585682875936,0.5132729411499972,102.1212824736241,0.8808872572070842,0,0.11262829840667776,0
real_20260706_163705_mir_charger_cluster025_refined_from_identity_medium,real_previous_registration,27,105,0.04304529872712376,0.03651009165661546,0.985479021308972,50.01593295717899,0.4309713709038817,1,0.030810236126275366,1
real_20260706_163705_mir_charger_cluster025_refined_from_identity_medium,real_previous_registration,28,10,0.03806798802670337,0.0220828284228434,0.17054175048671427,78.35759452233215,0.5413809614130298,0,0.09310689036542266,1
real_20260706_163705_mir_charger_cluster025_refined_from_identity_medium,real_previous_registration,29,203,0.04262372139019248,0.021930973507305104,0.7219356650684554,65.46552746289655,0.5399617032698146,0,0.06932948099493172,1
real_20260706_163705_mir_charger_cluster025_refined_from_identity_medium,real_previous_registration,30,107,0.04949745653092679,0.005002282942803972,0.9718830831516041,107.5303432772249,0.07651591742971049,0,0.08590687681532266,1
real_20260706_163705_mir_charger_cluster025_refined_from_identity_medium,real_previous_registration,31,32,0.024042502509619486,0.00028910283537699985,0.4726667433095736,33.38010174805792,-0.5214052947252187,1,0.05348921707812862,1
real_20260706_163705_mir_charger_cluster025_refined_from_identity_medium,real_previous_registration,32,158,0.06258382681544956,0.041185956757778204,0.6656347498749721,94.44029204397494,1.1685690558496036,0,0.0717568662659557,1
real_20260706_163705_mir_charger_cluster025_refined_from_identity_medium,real_previous_registration,33,193,0.0980884344667364,0.05225654680997199,0.9639714166949153,224.65957226547008,3.00111718170612,0,0.14271145977994942,0
real_20260706_163705_mir_charger_cluster025_refined_from_identity_medium,real_previous_registration,34,201,0.008372234172198092,0.003272092294072569,0.8254948855995025,84.56814372149077,0.22958853957937192,1,0.07285094506612161,1
real_20260706_163705_mir_charger_cluster025_refined_from_identity_medium,real_previous_registration,35,219,0.02009171947650292,0.012299483480157226,0.8104084281182394,39.58195581034738,-0.07714147723856878,1,0.056570003284948586,1
real_20260706_163705_mir_charger_cluster025_refined_from_identity_medium,real_previous_registration,36,202,0.03845806400268805,0.0025736521550641014,0.9879454090793833,93.73508863628513,-0.047097925318475654,0,0.08780132936435989,1
real_20260706_163705_mir_charger_cluster025_refined_from_identity_medium,real_previous_registration,37,123,0.059483029701364855,0.009322795441317254,0.5532942040267523,105.08020730693461,0.8320971477994955,0,0.08152915214545306,1
real_20260706_163705_mir_charger_cluster025_refined_from_identity_medium,real_previous_registration,38,28,0.028229149023840626,0.017149321885169717,0.9956455812627717,82.39066887021512,0.2205312640219211,0,0.055284200777275555,1
real_20260706_163705_mir_charger_cluster025_refined_from_identity_medium,real_previous_registration,39,149,0.026586413872176473,0.02403736190898389,0.8333074982541788,62.578201454457734,-0.11236284596495519,1,0.06171447822382946,1
real_20260706_163705_mir_charger_cluster025_refined_from_identity_medium,real_previous_registration,40,148,0.03750772318062576,0.025486644846354843,0.4511374383807252,53.03147956000722,-0.12241322373756831,0,0.03499871894592769,1
real_20260706_163705_mir_charger_cluster025_refined_from_identity_medium,real_previous_registration,41,214,0.04804253432589869,0.026528439166936445,0.9797789854218725,59.8346515628281,0.11874866071292191,0,0.06681183936186114,1
real_20260706_163705_mir_charger_cluster025_refined_from_identity_medium,real_previous_registration,42,27,0.03441643807378218,0.02497848690502494,0.3521259030502384,50.73876267928152,-0.4043090471725313,0,0.10028827215933074,0
real_20260706_163705_mir_charger_cluster025_refined_from_identity_medium,real_previous_registration,43,168,0.024293652067044348,0.004598517579377802,0.686197131448163,39.45214918768187,-0.43394603388611763,1,0.04764181662476156,1
real_20260706_163705_mir_charger_cluster025_refined_from_identity_medium,real_previous_registration,44,71,0.020922825660557066,0.01071453046905915,0.5603078939103906,73.21485957621162,-0.4843516565555902,1,0.06743689829380385,1
real_20260706_163705_mir_charger_cluster025_refined_from_identity_medium,real_previous_registration,45,182,0.03034528441752499,0.024155800925805763,0.9592049141015598,53.20897773219623,0.3493826887029018,1,0.08811736945849176,1
real_20260706_163705_mir_charger_cluster025_refined_from_identity_medium,real_previous_registration,46,43,0.017868123364557162,0.006640152375456124,0.2742558328226986,70.57711285708447,0.3884119889176492,1,0.05919583979511609,1
real_20260706_163705_mir_charger_cluster025_refined_from_identity_medium,real_previous_registration,47,118,0.020539776975078555,0.018705668984279753,0.5325182370078643,62.718048606113825,-0.08851169332624127,1,0.06602178325853103,1
real_20260706_163705_mir_charger_cluster025_refined_from_identity_medium,real_previous_registration,48,34,0.06252000400234849,0.010409317312671649,0.8750683591667326,41.254062433387645,0.5028218585922168,0,0.0870213345069528,1
real_20260706_163705_mir_charger_cluster025_refined_from_identity_medium,real_previous_registration,49,4,0.03982199827018906,0.004812360890340277,0.9798399660661461,49.910091602519984,0.47542295987413297,0,0.0712033913154802,1
real_20260706_163705_mir_charger_cluster025_refined_from_identity_medium,real_previous_registration,50,115,0.04250100193116755,0.018461565608728577,0.9882754221345077,75.98369647848195,-0.00641438317487033,0,0.09099341568872146,1
real_20260706_163705_mir_charger_cluster025_refined_from_identity_medium,real_previous_registration,51,97,0.0435732006111281,0.02404163355208228,0.9331810507910328,83.37487803098416,0.0555697940120122,0,0.099840862654379,1
real_20260706_163705_mir_charger_cluster025_refined_from_identity_medium,real_previous_registration,52,193,0.1370211681355765,0.03217345747733946,0.9728958573610186,180.26811588684836,3.5199102303604763,0,0.188336391539955,0
real_20260706_163705_mir_charger_cluster025_refined_from_identity_medium,real_previous_registration,53,27,0.048685384491866615,0.028351801639551692,0.9160216972935699,46.06263510254868,-0.4043090471725313,0,0.09850090506521306,1
real_20260706_163705_mir_charger_cluster025_refined_from_identity_medium,real_previous_registration,54,153,0.029866192993334276,0.024542546714425968,0.7655064794437473,37.97236674661341,-0.0006589778679455149,1,0.044877267825611064,1
real_20260706_163705_mir_charger_cluster025_refined_from_identity_medium,real_previous_registration,55,192,0.06249196144650732,0.014437785454970504,0.3957494079307349,40.94737209700868,-0.21772326955936794,0,0.1038536498284515,0
real_20260706_163705_mir_charger_cluster025_refined_from_identity_medium,real_previous_registration,56,104,0.022827052815659842,0.0020076139934659238,0.9042186802547979,85.3793467200501,0.37432713549072066,1,0.059715767035441084,1
real_20260706_163705_mir_charger_cluster025_refined_from_identity_medium,real_previous_registration,57,121,0.060042146504658396,0.020592183523424207,0.9773734368982985,101.37326157560622,-0.047097925318475654,0,0.0956071882903552,1
real_20260706_163705_mir_charger_cluster025_refined_from_identity_medium,real_previous_registration,58,113,0.072590330629545,0.03739755183625551,0.9936598060321891,48.31481153916842,0.5514087782770619,0,0.11173076651379603,0
real_20260706_163705_mir_charger_cluster025_refined_from_identity_medium,real_previous_registration,59,114,0.022202228566598595,0.021362945131650435,0.016375205293878536,99.03521827470392,0.02343854699802027,1,0.07218981736210274,1
real_20260706_163705_mir_charger_cluster025_refined_from_identity_medium,real_previous_registration,60,193,0.05745437136598396,0.021907311394445017,0.9676149207541355,189.48571586970414,3.2479768571383056,0,0.08858473697969695,1
real_20260706_163705_mir_charger_cluster025_refined_from_identity_medium,real_previous_registration,61,70,0.030344074105556777,0.003457985582700859,0.8104185879231308,67.87433757228547,0.16034250192716842,0,0.07841652381850522,1
real_20260706_163705_mir_charger_cluster025_refined_from_identity_medium,real_previous_registration,62,49,0.0629723216958991,0.027282985242049772,0.5999393797151451,84.18266565329739,0.6220262689944243,0,0.09409394319504932,1
real_20260706_163705_mir_charger_cluster025_refined_from_identity_medium,real_previous_registration,63,32,0.033411760191847904,0.00466590352979313,0.609157972436948,49.41205283283952,-0.6595554133736502,0,0.10132073487776634,0
real_20260706_163705_mir_charger_cluster025_refined_from_identity_medium,real_previous_registration,64,192,0.04912962099014012,0.01643854279442263,0.9243687584990459,53.878635308076596,0.05194003851552575,0,0.029566188988982767,1
real_20260706_163705_mir_charger_cluster025_refined_from_identity_medium,real_previous_registration,65,88,0.05392433587204538,0.045230109872531475,0.9597351234615408,57.133260033307685,-0.18873572092146967,0,0.04781628843544374,1
real_20260706_163705_mir_charger_cluster025_refined_from_identity_medium,real_previous_registration,66,143,0.03494562904230092,0.03300320433171899,0.9990006607222803,91.1193187229015,-0.09757909131238822,1,0.04209886537740469,1
real_20260706_163705_mir_charger_cluster025_refined_from_identity_medium,real_previous_registration,67,150,0.026043780013316815,0.011114763620018755,0.029091447056380143,64.45794074462152,0.0054200638979129585,1,0.05447092806294116,1
real_20260706_163705_mir_charger_cluster025_refined_from_identity_medium,real_previous_registration,68,103,0.013319655635706449,0.00870545405898101,0.48535308780024666,58.80465064503695,-0.07714147723856878,1,0.05420031363989812,1
real_20260706_163705_mir_charger_cluster025_refined_from_identity_medium,real_previous_registration,69,193,0.08824003160483458,0.0066523212411230825,0.9608120058857357,178.65058893962117,3.588903028831632,0,0.1374069129730639,0
real_20260706_163705_mir_charger_cluster025_refined_from_identity_medium,real_previous_registration,70,193,0.17274294964981293,0.03947105920857236,0.9540513558370667,218.73543074476228,2.777974090390958,0,0.21857675923886158,0
real_20260706_163705_mir_charger_cluster025_refined_from_identity_medium,real_previous_registration,71,160,0.019636346701864198,0.011758856695411865,0.9415921589030128,57.47393055757193,0.005420061913789324,1,0.0593237929668474,1
real_20260706_163705_mir_charger_cluster025_refined_from_identity_medium,real_previous_registration,72,58,0.02806578277815951,0.008150676692523146,0.9657770120141844,112.8651446729297,-0.03540189371761407,0,0.04527407720283338,1
real_20260706_163705_mir_charger_cluster025_refined_from_identity_medium,real_previous_registration,73,206,0.025376283173560284,0.01187853880039621,0.12457884237326017,61.38249227318092,0.026473456099811724,1,0.06798172343865301,1
real_20260706_163705_mir_charger_cluster025_refined_from_identity_medium,real_previous_registration,74,197,0.03540985380673993,0.02827717849935491,0.903899669385298,38.553101802486786,-0.20333462548186998,0,0.06514956794143216,1
real_20260706_163705_mir_charger_cluster025_refined_from_identity_medium,real_previous_registration,75,67,0.0479726746838441,0.036398467758707274,0.9308673586043403,51.31800689360399,-0.001500373459528108,0,0.01760944878312631,1
real_20260706_163705_mir_charger_cluster025_refined_from_identity_medium,real_previous_registration,76,21,0.049217504080428486,0.041792536824536264,0.8757697708760828,48.812151004165976,0.3818972192369304,0,0.07711684558956632,1
real_20260706_163705_mir_charger_cluster025_refined_from_identity_medium,real_previous_registration,77,57,0.011605394882100563,0.010932747841099788,0.7256381308356908,64.65873414490798,0.22758734912161804,1,0.07935920754639256,1
real_20260706_163705_mir_charger_cluster025_refined_from_identity_medium,real_previous_registration,78,173,0.03857736448910911,0.022241319414169843,0.5470376179178097,58.1223568379487,0.3920416077766188,0,0.09115368934368102,1
real_20260706_163705_mir_charger_cluster025_refined_from_identity_medium,real_previous_registration,79,136,0.027377830331383704,0.024947139355037676,0.50700780632625,104.87034353896844,0.7288718610156314,1,0.08529810074773374,1
real_20260706_163705_mir_charger_cluster025_refined_from_identity_medium,real_previous_registration,80,127,0.027168496924223264,0.01749306899233996,0.9706212688641197,93.57485776011396,-0.1186324841095243,1,0.05694717838878853,1
real_20260706_163705_mir_charger_cluster025_refined_from_identity_medium,real_previous_registration,81,201,0.046000834077998674,0.015442165706809235,0.8949492103678809,70.01105491082652,0.21305925019645797,0,0.05352048737729313,1
real_20260706_163705_mir_charger_cluster025_refined_from_identity_medium,real_previous_registration,82,192,0.03580708288480337,0.01950563160918356,0.9813094783744643,76.61649235869841,-0.08419201383946667,0,0.062443387135235444,1
real_20260706_163705_mir_charger_cluster025_refined_from_identity_medium,real_previous_registration,83,124,0.028754048794862472,0.021766314135295107,0.5018709895901038,58.43277369572818,0.1336741593287456,0,0.07724078639954778,1
real_20260706_163705_mir_charger_cluster025_refined_from_identity_medium,real_previous_registration,84,159,0.06917693178720336,0.06678701104829379,0.7397842477972078,107.37366455686782,0.3603538801865195,0,0.11631408855780702,0
real_20260706_163705_mir_charger_cluster025_refined_from_identity_medium,real_previous_registration,85,193,0.07959530037128532,0.043773774935231935,0.9738471813463244,192.41046836594595,3.4198268870915816,0,0.1255430589124999,0
real_20260706_163705_mir_charger_cluster025_refined_from_identity_medium,real_previous_registration,86,200,0.027978102065356236,0.007956559587456107,0.1023442207869095,62.962083829381136,0.4289030945009097,0,0.07482044394738184,1
real_20260706_163705_mir_charger_cluster025_refined_from_identity_medium,real_previous_registration,87,131,0.01689992388857247,0.014135565188132927,0.8646426633763006,49.10426080577798,0.07854223592353073,1,0.04918578115300496,1
real_20260706_163705_mir_charger_cluster025_refined_from_identity_medium,real_previous_registration,88,57,0.052668000491532675,0.028706419665765762,0.941494451444169,42.04087971780593,-0.03947521610209937,0,0.045684685673951446,1
real_20260706_163705_mir_charger_cluster025_refined_from_identity_medium,real_previous_registration,89,70,0.02889252273243103,0.0050595160332526715,0.8691183282289883,69.52071055372306,0.3302414056208185,1,0.04006833242656042,1
real_20260706_163705_mir_charger_cluster025_refined_from_identity_medium,real_previous_registration,90,177,0.04183842602148762,0.0016294944800712766,0.6631912806593665,73.40560524851782,0.23701243667357713,0,0.05868871678267949,1
real_20260706_163705_mir_charger_cluster025_refined_from_identity_medium,real_previous_registration,91,161,0.04135062965340748,0.023840574055441405,0.9811689740893879,46.203626345289976,-0.055204492582458915,1,0.042148677511848205,1
real_20260706_163705_mir_charger_cluster025_refined_from_identity_medium,real_previous_registration,92,203,0.027010377789471622,0.02482701878786614,0.7476010253183674,57.74364862748194,0.5399617032698146,1,0.08825733062801228,1
real_20260706_163705_mir_charger_cluster025_refined_from_identity_medium,real_previous_registration,93,131,0.052228306120116245,0.032165899910665326,0.7048055998756717,60.23606771283348,0.26512799074038423,0,0.08339276694774975,1
real_20260706_163705_mir_charger_cluster025_refined_from_identity_medium,real_previous_registration,94,123,0.10992839834949855,0.00019384307083629426,0.4477325328255743,133.37073747836638,1.1322014421019837,0,0.15151929870340927,0
real_20260706_163705_mir_charger_cluster025_refined_from_identity_medium,real_previous_registration,95,136,0.044042265333932525,0.021253770555646475,0.5405876339024398,108.88897526941095,0.7582857263214406,0,0.11182172454405465,0
real_20260706_163705_mir_charger_cluster025_refined_from_identity_medium,real_previous_registration,96,104,0.031240700845839013,0.0025448856015675182,0.8881417653865088,90.01389933176608,0.2618492685786005,0,0.09102267904636697,1
real_20260706_163705_mir_charger_cluster025_refined_from_identity_medium,real_previous_registration,97,85,0.044514412158961576,0.02049385014156277,0.9429164785564146,70.93401195071652,-0.1307119894311041,0,0.03830036440486956,1
real_20260706_163705_mir_charger_cluster025_refined_from_identity_medium,real_previous_registration,98,173,0.049622334214038624,0.0269195559068807,0.9934428436231715,84.42091161908758,0.17431836717471874,0,0.07685493401874663,1
real_20260706_163705_mir_charger_cluster025_refined_from_identity_medium,real_previous_registration,99,42,0.04534368546819052,0.044688133498495305,0.9626604097386942,61.8061318751416,0.23426136392448732,1,0.07636821761603604,1
real_20260706_163705_mir_charger_cluster025_refined_from_identity_medium,real_previous_registration,100,171,0.0495182058004507,0.04064194660578958,0.9963872381597878,102.80365409855241,-0.09636250610342724,0,0.03664488013883055,1
real_20260706_163705_mir_charger_cluster025_refined_from_identity_medium,real_previous_registration,101,171,0.02159461113768506,0.0010694047858295051,0.782768254196295,40.07840723485463,0.15495163011432794,1,0.09189428368844699,1
real_20260706_163705_mir_charger_cluster025_refined_from_identity_medium,real_previous_registration,102,113,0.04108882432714585,0.0406741759953643,0.9675830117042503,44.59565686405837,0.448754745508859,0,0.05745888000720817,1
real_20260706_163705_mir_charger_cluster025_refined_from_identity_medium,real_previous_registration,103,137,0.02138656719338575,0.01374909708184423,0.7088518373608497,75.27933427734159,-0.14751911823795552,1,0.04047553198579671,1
real_20260706_163705_mir_charger_cluster025_refined_from_identity_medium,real_previous_registration,104,171,0.049849778155566404,0.04966369774742486,0.969566868868513,43.28821984255354,-0.2177231935226786,0,0.06842966908093188,1
real_20260706_163705_mir_charger_cluster025_refined_from_identity_medium,real_previous_registration,105,97,0.03740466249846012,0.025248717341689226,0.9888566924371135,87.60970029721088,0.033590909515436994,0,0.07391356306925105,1
real_20260706_163705_mir_charger_cluster025_refined_from_identity_medium,real_previous_registration,106,113,0.05715607138370444,0.04022301953379304,0.9200861075503469,53.27570821107018,0.42135580585523563,0,0.023886320974184288,1
real_20260706_163705_mir_charger_cluster025_refined_from_identity_medium,real_previous_registration,107,82,0.028089109664054358,0.021466779781601428,0.9914988058098052,64.58266244292747,-0.03540188895571884,1,0.07042636915858415,1
real_20260706_163705_mir_charger_cluster025_refined_from_identity_medium,real_previous_registration,108,208,0.038897876653037795,0.00246103227553251,0.9870069448685839,59.604434255926016,-0.592416310180895,0,0.10333609331749558,0
real_20260706_163705_mir_charger_cluster025_refined_from_identity_medium,real_previous_registration,109,168,0.025131533553228978,0.013979289543934115,0.8685326501957364,74.12992745389255,-0.6657472341510805,0,0.07985184339839858,1
real_20260706_163705_mir_charger_cluster025_refined_from_identity_medium,real_previous_registration,110,184,0.03754699005887095,0.015116204863545937,0.9647775468507294,56.27717206366516,-0.21772330384501995,0,0.08321028230532028,1
real_20260706_163705_mir_charger_cluster025_refined_from_identity_medium,real_previous_registration,111,101,0.023812067078275337,0.0007061472337919626,0.99841393537718,96.6710277093892,-0.21772331717833185,0,0.08439722773618363,1
real_20260706_163705_mir_charger_cluster025_refined_from_identity_medium,real_previous_registration,112,159,0.06509359150403149,0.03207868264411026,0.8210285924955749,78.4085083147732,0.45344420352364107,0,0.12048814680109374,0
real_20260706_163705_mir_charger_cluster025_refined_from_identity_medium,real_previous_registration,113,77,0.03866158045312695,0.02909420813967176,0.925043492653765,82.20179788991645,-0.012929060256105672,1,0.03952710501758647,1
real_20260706_163705_mir_charger_cluster025_refined_from_identity_medium,real_previous_registration,114,98,0.06514403116513136,0.0551883022437023,0.918356568832648,53.06678225387718,-0.04587317264195977,0,0.07927500611892374,1
real_20260706_163705_mir_charger_cluster025_refined_from_identity_medium,real_previous_registration,115,200,0.07409390254636877,0.006299494418307678,0.17066240150651382,80.61513140632916,0.380112985093321,0,0.09486494838531577,1
real_20260706_163705_mir_charger_cluster025_refined_from_identity_medium,real_previous_registration,116,68,0.01556495110236957,0.0036206195858276575,0.7698863381229297,73.9553159432508,-0.35748508056819295,1,0.07288944230246718,1
real_20260706_163705_mir_charger_cluster025_refined_from_identity_medium,real_previous_registration,117,98,0.05722174953018936,0.038625132252513496,0.9932318093532264,54.01451119757425,0.054210170626935054,0,0.092903387342097,1
real_20260706_163705_mir_charger_cluster025_refined_from_identity_medium,real_previous_registration,118,103,0.03208059523354065,0.03014011533364952,0.2829074044323594,71.80853914108741,0.06047980368204402,0,0.08853932928135964,1
real_20260706_163705_mir_charger_cluster025_refined_from_identity_medium,real_previous_registration,119,225,0.021135132945960023,0.0114295285089973,0.6620560347427918,54.17626728799287,-0.6772551845689454,1,0.09289377898843243,1
real_20260706_163705_mir_charger_cluster025_refined_from_identity_medium,real_previous_registration,120,117,0.044988650077399946,0.028112434626098994,0.8855520579283803,68.39142248268207,-0.01705277070597002,0,0.06387090592369067,1
real_20260706_163705_mir_charger_cluster025_refined_from_identity_medium,real_previous_registration,121,164,0.023581634325590694,0.0052030425171079985,0.2679704120614671,91.75923853414257,-0.1854624980253786,1,0.07180036361201628,1
real_20260706_163705_mir_charger_cluster025_refined_from_identity_medium,real_previous_registration,122,209,0.03622384375763403,0.003964990589068108,0.8210856540024295,60.03516249536101,0.7313562711220055,0,0.10306244892161402,0
real_20260706_163705_mir_charger_cluster025_refined_from_identity_medium,real_previous_registration,123,177,0.03971710354132355,0.0349997053379426,0.7511259828815686,85.82973790419854,0.25606061495342985,1,0.09425448175720054,1
real_20260706_163705_mir_charger_cluster025_refined_from_identity_medium,real_previous_registration,124,56,0.024072914316772304,0.007514149376037509,0.41889847685145937,97.24438438665041,-0.09583359732270791,1,0.06804077782111422,1
real_20260706_163705_mir_charger_cluster025_refined_from_identity_medium,real_previous_registration,125,159,0.07803628872295289,0.037670020772999836,0.8414593135675819,102.68891532953576,0.598025294728042,0,0.1104022518763562,0
real_20260706_163705_mir_charger_cluster025_refined_from_identity_medium,real_previous_registration,126,92,0.03879398485410739,0.006017819938456582,0.602117970829531,75.3578297865535,0.4754229967161246,0,0.044722515466312736,1
real_20260706_163705_mir_charger_cluster025_refined_from_identity_medium,real_previous_registration,127,145,0.00911288512899882,0.002066292119368347,0.22182037157311457,41.333962140688975,-0.21772333130260493,1,0.08340818330707324,1
real_20260706_163705_mir_charger_cluster025_refined_from_identity_medium,real_previous_registration,128,196,0.017540662988180498,0.009344453902080345,0.8405918296332799,46.29187223568149,0.37314452750946414,1,0.08442094383918226,1
real_20260706_163705_mir_charger_cluster025_refined_from_identity_medium,real_previous_registration,129,158,0.030328851133863147,0.023261161944287644,0.6894271917207098,96.71818164625664,1.1322014421019837,1,0.07609588985569883,1
real_20260706_163705_mir_charger_cluster025_refined_from_identity_medium,real_previous_registration,130,167,0.00813888031009641,0.0027485335721047317,0.22327257660728908,46.30109013744908,-0.49957421534158486,1,0.06630389842732604,1
real_20260706_163705_mir_charger_cluster025_refined_from_identity_medium,real_previous_registration,131,80,0.04125782388623413,0.012094809629867271,0.7608090877673019,50.603799395404955,-0.388348656598697,0,0.03332480463363271,1
real_20260706_163705_mir_charger_cluster025_refined_from_identity_medium,real_previous_registration,132,195,0.03289014702646519,0.02369378845389129,0.9682452079820231,90.32314338858464,0.16034250192716842,1,0.04152899546760217,1
real_20260706_163705_mir_charger_cluster025_refined_from_identity_medium,real_previous_registration,133,148,0.034815539386076705,0.030876906819204478,0.3453307642287745,41.70037207524091,-0.20119404446206032,0,0.10175018390852354,0
real_20260706_163705_mir_charger_cluster025_refined_from_identity_medium,real_previous_registration,134,123,0.07716692856012271,0.05442809202162888,0.48002705319539063,97.37525817379002,0.94988005567824,0,0.12438329427163185,0
real_20260706_163705_mir_charger_cluster025_refined_from_identity_medium,real_previous_registration,135,46,0.02948734002206222,0.022127485210754024,0.9949374187932868,53.458198187774336,-0.011871417016150491,0,0.048333611863398074,1
real_20260706_163705_mir_charger_cluster025_refined_from_identity_medium,real_previous_registration,136,28,0.023469535764963984,0.003564186165662796,0.9929599378383641,78.96505046796212,-0.07796146646978415,0,0.057319958803866776,1
real_20260706_163705_mir_charger_cluster025_refined_from_identity_medium,real_previous_registration,137,28,0.02235542663646229,0.0008449405312131946,0.9982373235948437,78.7738362108585,0.13644821189338924,1,0.08391147875282762,1
real_20260706_163705_mir_charger_cluster025_refined_from_identity_medium,real_previous_registration,138,52,0.027100474968056034,0.015970427041034928,0.9106087084292211,52.60512296466961,0.15696980271792146,1,0.0362109715109431,1
real_20260706_163705_mir_charger_cluster025_refined_from_identity_medium,real_previous_registration,139,150,0.027226838792309208,0.0033490477627610518,0.0645237347363117,68.47671110459001,-0.21772332313070403,0,0.08744743112655406,1
real_20260706_163705_mir_charger_cluster025_refined_from_identity_medium,real_previous_registration,140,50,0.0352479937062834,0.021492130271433325,0.9813175028915533,51.98654111609751,0.3365868602143528,1,0.041681586598884206,1
real_20260706_163705_mir_charger_cluster025_refined_from_identity_medium,real_previous_registration,141,163,0.01572356725002204,0.012053081783410843,0.15960242436169758,76.95219754930123,0.06995851916253477,1,0.05311474323033238,1
real_20260706_163705_mir_charger_cluster025_refined_from_identity_medium,real_previous_registration,142,193,0.05092423654184974,0.05075063495885773,0.9638637349896115,222.61440387899225,3.00111718170612,0,0.08425735386893866,1
real_20260706_163705_mir_charger_cluster025_refined_from_identity_medium,real_previous_registration,143,166,0.02126486993756174,0.014810097364026222,0.7262330612013,70.20566021636543,0.3343448217408868,1,0.06738737809803765,1
real_20260706_163705_mir_charger_cluster025_refined_from_identity_medium,real_previous_registration,144,134,0.04784412314921277,0.040631563675844376,0.24122604573223155,56.92379842096253,-0.5054051217732234,0,0.11507504492208574,0
real_20260706_163705_mir_charger_cluster025_refined_from_identity_medium,real_previous_registration,145,21,0.058065075228111974,0.044333371105555235,0.952534525648923,54.47537217891158,0.32127265379299197,0,0.08366954283044648,1
real_20260706_163705_mir_charger_cluster025_refined_from_identity_medium,real_previous_registration,146,47,0.0694483177658201,0.04632906521329303,0.9966015216900115,47.67017762264315,-0.06357270282729718,0,0.049871721018921664,1
real_20260706_163705_mir_charger_cluster025_refined_from_identity_medium,real_previous_registration,147,21,0.0523267962682368,0.04848123582160009,0.9588665608153822,55.96515618233709,0.30021926498521107,0,0.04750490924627709,1
real_20260706_163705_mir_charger_cluster025_refined_from_identity_medium,real_previous_registration,148,67,0.042771588100990486,0.02312275233544101,0.5962332317404064,47.14480440793277,0.4580314851591685,0,0.084860857315179,1
real_20260706_163705_mir_charger_cluster025_refined_from_identity_medium,real_previous_registration,149,222,0.03291634944665598,0.017114342147903312,0.9998354976262909,99.70665482049046,0.03651061963070357,0,0.08401661416105033,1
real_20260706_163705_mir_charger_cluster025_refined_from_identity_medium,real_previous_registration,150,104,0.05166639260482794,0.010920874656933302,0.976493721422101,30.88330412749979,0.18774138067386714,0,0.1149187252078737,0
real_20260706_163705_mir_charger_cluster025_refined_from_identity_medium,real_previous_registration,151,10,0.04154679524075692,0.03137232964215266,0.7916843994001549,77.28913231167454,0.3021515368667409,0,0.043019420206648055,1
real_20260706_163705_mir_charger_cluster025_refined_from_identity_medium,real_previous_registration,152,220,0.03659990787725957,0.03211464107485524,0.9394824128972671,85.70891729621283,-0.07462256669999591,1,0.056220746931524415,1
real_20260706_163705_mir_charger_cluster025_refined_from_identity_medium,real_previous_registration,153,176,0.03528788763083618,0.01855010656007196,0.9927614357607235,99.77328082123141,0.2342614191191749,0,0.03063950444744329,1
real_20260706_163705_mir_charger_cluster025_refined_from_identity_medium,real_previous_registration,154,217,0.010409865476110402,0.0023682297865753443,0.8463406161858886,49.19827579950498,0.2555640010163947,1,0.07715300856982002,1
real_20260706_163705_mir_charger_cluster025_refined_from_identity_medium,real_previous_registration,155,60,0.03195956871537542,0.026244764969453292,0.3414444791596114,53.19178881545564,-0.2748816809093921,1,0.07578223605549324,1
real_20260706_163705_mir_charger_cluster025_refined_from_identity_medium,real_previous_registration,156,158,0.09838884128728177,0.06302899654192173,0.5233787142202231,122.88692610220082,0.7267367599192919,0,0.13022700548976793,0
real_20260706_163705_mir_charger_cluster025_refined_from_identity_medium,real_previous_registration,157,158,0.08392168911938769,0.05883000200275866,0.5075486756653492,111.06564117142389,1.055240469113943,0,0.10485975182154515,0
real_20260706_163705_mir_charger_cluster025_refined_from_identity_medium,real_previous_registration,158,105,0.051005096422157455,0.03615145862446688,0.8557357507115092,57.29922072709706,0.5588046169593442,0,0.0845713135518138,1
real_20260706_163705_mir_charger_cluster025_refined_from_identity_medium,real_previous_registration,159,193,0.08551490504645798,0.03885536879371365,0.9634917441307669,219.04033722531702,3.2479768571383056,0,0.13523500796534357,0
real_20260706_163705_mir_charger_cluster025_refined_from_identity_medium,real_previous_registration,160,107,0.06175483432865832,0.014245258837245318,0.9970327343834429,100.91239097095117,0.05671330817273015,0,0.07867366952894124,1
real_20260706_163705_mir_charger_cluster025_refined_from_identity_medium,real_previous_registration,161,6,0.028096137226400527,0.012609854323109435,0.978990671706916,99.21234347062718,-0.0192725275600728,1,0.041980939779978535,1
real_20260706_163705_mir_charger_cluster025_refined_from_identity_medium,real_previous_registration,162,162,0.049701433133259455,0.041652139854031114,0.12038643415901494,113.43202323186998,0.12522116830843114,0,0.06868747851376777,1
real_20260706_163705_mir_charger_cluster025_refined_from_identity_medium,real_previous_registration,163,84,0.03474521442503388,0.015654095437246312,0.08350313077453997,60.15704264231791,-0.6877263505914845,1,0.0721599226171612,1
real_20260706_163705_mir_charger_cluster025_refined_from_identity_medium,real_previous_registration,164,117,0.05344935128667047,0.04313764353715158,0.9369070517804512,69.34697299931113,-0.1636560798262613,0,0.014749366213999122,1
real_20260706_163705_mir_charger_cluster025_refined_from_identity_medium,real_previous_registration,165,124,0.04159630208202374,0.03463426472738383,0.28807204067164677,71.13564320087909,0.3641974671785866,0,0.1096031961241321,0
real_20260706_163705_mir_charger_cluster025_refined_from_identity_medium,real_previous_registration,166,122,0.03590826842255014,0.025822684834912818,0.7047592040747848,89.07149637422906,-0.3390839141215696,0,0.03227712423094237,1
real_20260706_163705_mir_charger_cluster025_refined_from_identity_medium,real_previous_registration,167,4,0.02780365128106072,0.021460818355098037,0.9652915260439324,96.55139608250924,0.3035729299208574,0,0.03720770607537932,1
real_20260706_163705_mir_charger_cluster025_refined_from_identity_medium,real_previous_registration,168,136,0.03481259184398718,0.032130852963937195,0.7542688735149639,84.87622146990263,0.3953805242985017,0,0.04988376903992779,1
real_20260706_163705_mir_charger_cluster025_refined_from_identity_medium,real_previous_registration,169,59,0.03959962001380706,0.006553168660867787,0.14642955245529993,64.13651739007734,0.03359090078529869,0,0.0989081063972708,1
real_20260706_163705_mir_charger_cluster025_refined_from_identity_medium,real_previous_registration,170,75,0.027948145721281785,0.021833539421265848,0.9345910369388513,64.95085815293143,-0.30869497116060435,1,0.0493528208782887,1
real_20260706_163705_mir_charger_cluster025_refined_from_identity_medium,real_previous_registration,171,20,0.0585134841802549,0.034414156021807085,0.6934291262038099,67.30612524991771,0.7938765831375849,0,0.10299016381069485,0
real_20260706_163705_mir_charger_cluster025_refined_from_identity_medium,real_previous_registration,172,158,0.08131480075355463,0.01576061000489127,0.5019764396783238,102.28650109365798,0.7808039139381893,0,0.13126611452834355,0
real_20260706_163705_mir_charger_cluster025_refined_from_identity_medium,real_previous_registration,173,164,0.034898029390629214,0.031680738916293284,0.08796253732979253,74.27707951859597,-0.33961305615961146,0,0.04929405527097179,1
real_20260706_163705_mir_charger_cluster025_refined_from_identity_medium,real_previous_registration,174,86,0.03044311987896025,0.025927846071361067,0.9567914667698921,56.87979562819532,0.5967840173143085,0,0.09560714627451943,1
real_20260706_163705_mir_charger_cluster025_refined_from_identity_medium,real_previous_registration,175,160,0.03965630838300011,0.0015583197778855644,0.890632139194233,72.13095782550417,-0.08767026142333234,0,0.09305973307183002,1
real_20260706_163705_mir_charger_cluster025_refined_from_identity_medium,real_previous_registration,176,111,0.04799566416865577,0.028912614351564562,0.9882469114004184,53.9055922960251,0.11874861468126502,0,0.0786878576755959,1
real_20260706_163705_mir_charger_cluster025_refined_from_identity_medium,real_previous_registration,177,81,0.04309456657087394,0.04073755475082204,0.4718816678173088,70.10986604884705,-0.6595554133736502,0,0.07499856925607291,1
real_20260706_163705_mir_charger_cluster025_refined_from_identity_medium,real_previous_registration,178,197,0.03192560980938885,0.006441101005246093,0.39412484232339456,48.68110990549047,-0.1613704533886914,0,0.07093830882020108,1
real_20260706_163705_mir_charger_cluster025_refined_from_identity_medium,real_previous_registration,179,32,0.03182939095848109,0.0039001894610069176,0.7160336784382537,33.435066570646406,-0.4290321055238091,0,0.046361177708301775,1
real_20260706_163705_mir_charger_cluster025_refined_from_identity_medium,real_previous_registration,180,47,0.01650918955457917,0.0035280830532204927,0.8203520613451232,84.07003424021336,0.2677839697578358,1,0.06751152661470664,1
real_20260706_163705_mir_charger_cluster025_refined_from_identity_medium,real_previous_registration,181,81,0.04216387996820521,0.011695245282422835,0.4390067753340279,69.71964274019135,-0.5214052947252187,0,0.08132905644050341,1
real_20260706_163705_mir_charger_cluster025_refined_from_identity_medium,real_previous_registration,182,173,0.05171291640448912,0.022627732932473766,0.5312136974510289,55.51912968446367,0.4135477917210078,0,0.07197230646856188,1
real_20260706_163705_mir_charger_cluster025_refined_from_identity_medium,real_previous_registration,183,1,0.045834064456186166,0.028407041324188937,0.8011419379260905,56.78637363273827,-0.3672547617232172,0,0.04578677989778241,1
real_20260706_163705_mir_charger_cluster025_refined_from_identity_medium,real_previous_registration,184,122,0.024240907068911473,0.011819561518883966,0.3799173967783438,89.71477626488688,-0.3390839141215696,1,0.057430322055938274,1
real_20260706_163705_mir_charger_cluster025_refined_from_identity_medium,real_previous_registration,185,156,0.014462379743607085,0.002985977454540796,0.8720116756771338,62.06582976258654,0.44367458408637145,1,0.059964085753136664,1
real_20260706_163705_mir_charger_cluster025_refined_from_identity_medium,real_previous_registration,186,158,0.16055272043301022,0.09672169696678069,0.523048079153164,162.54925207251213,0.5444154586805335,0,0.18370826002326718,0
real_20260706_163705_mir_charger_cluster025_refined_from_identity_medium,real_previous_registration,187,108,0.025911425012400294,0.003641630016413257,0.9286669293857408,68.09828778000836,0.4574047061479845,1,0.07354325478930875,1
real_20260706_163705_mir_charger_cluster025_refined_from_identity_medium,real_previous_registration,188,159,0.029092083001887765,0.006480921639754875,0.8042897824187047,95.74205336616859,0.598025294728042,1,0.08893558462223469,1
real_20260706_163705_mir_charger_cluster025_refined_from_identity_medium,real_previous_registration,189,193,0.03665930753674033,0.021644514244404944,0.9643096973484799,210.05480511731918,3.2162282051946254,0,0.08810431947754899,1
real_20260706_163705_mir_charger_cluster025_refined_from_identity_medium,real_previous_registration,190,10,0.02878210890774626,0.01146275151453352,0.03641567135866993,51.38902303421519,0.5198747774686409,1,0.055987133603092806,1
real_20260706_163705_mir_charger_cluster025_refined_from_identity_medium,real_previous_registration,191,137,0.030595768386364047,0.004038039943074951,0.5490364833202133,88.05174469818661,-0.2177233202086303,0,0.07320162397322386,1
real_20260706_163705_mir_charger_cluster025_refined_from_identity_medium,real_previous_registration,192,59,0.03780192322862044,0.017139262868960548,0.729074794085726,84.67185655495841,0.03359090078529869,0,0.08018668774295173,1
real_20260706_163705_mir_charger_cluster025_refined_from_identity_medium,real_previous_registration,193,136,0.04626997507234124,0.01546515965362507,0.5140525896163795,112.91787921321361,0.6350531733291243,0,0.11542629904389186,0
real_20260706_163705_mir_charger_cluster025_refined_from_identity_medium,real_previous_registration,194,121,0.033570567025913614,0.024928661737516872,0.46614413018266293,103.88106333954701,0.046428052160204486,0,0.061398708971728354,1
real_20260706_163705_mir_charger_cluster025_refined_from_identity_medium,real_previous_registration,195,163,0.044227079315989945,0.04120460665738479,0.05988416837665779,82.03001442582058,0.06995851916253477,0,0.09737542015468253,1
real_20260706_163705_mir_charger_cluster025_refined_from_identity_medium,real_previous_registration,196,90,0.024899209123601617,0.014518189590923564,0.40949154076532385,45.03108386921431,-0.43677671768967874,1,0.09683748332007647,1
real_20260706_163705_mir_charger_cluster025_refined_from_identity_medium,real_previous_registration,197,47,0.07709028891005018,0.004522141037180127,0.665939983279811,97.96562312166103,0.1877413603747769,0,0.08565975210456077,1
real_20260706_163705_mir_charger_cluster025_refined_from_identity_medium,real_previous_registration,198,202,0.05465951209540996,0.012261331838396845,0.9795488853904762,87.32822287012523,-0.008631678526905434,0,0.03861919605253558,1
real_20260706_163705_mir_charger_cluster025_refined_from_identity_medium,real_previous_registration,199,187,0.06536709129245492,0.057050785685553176,0.5513493712984845,47.325045727033,-0.739912179094773,0,0.06525321245533416,1
real_20260706_163705_mir_charger_cluster025_refined_from_identity_medium,real_previous_registration,200,4,0.040408002161973065,0.010497648382440562,0.9810035463073143,50.97436935545084,0.5514087782770619,0,0.09694608765273535,1
real_20260706_163705_mir_charger_cluster025_refined_from_identity_medium,real_previous_registration,201,136,0.054620771311329815,0.03719598381723532,0.7513843305528379,82.13413921428157,0.4159997919434329,0,0.09515397853187818,1
real_20260706_163705_mir_charger_cluster025_refined_from_identity_medium,real_previous_registration,202,59,0.034055552501970475,0.027012812248598327,0.5561642980637153,79.74883440068454,-0.1487304004534597,1,0.032955677408931065,1
real_20260706_163705_mir_charger_cluster025_refined_from_identity_medium,real_previous_registration,203,65,0.03276388440234708,0.02452914450201604,0.8066971493053299,39.08471635144408,-0.2932308071196845,1,0.07439889551853984,1
real_20260706_163705_mir_charger_cluster025_refined_from_identity_medium,real_previous_registration,204,156,0.03148915431696151,0.0217547584729849,0.9377623222291102,62.19474052462922,0.3769832607556243,0,0.08415543396320355,1
real_20260706_163705_mir_charger_cluster025_refined_from_identity_medium,real_previous_registration,205,159,0.04355615659407014,0.012761727744156301,0.7469334909637558,104.65512517171238,0.7739158185119217,0,0.05789662139877917,1
real_20260706_163705_mir_charger_cluster025_refined_from_identity_medium,real_previous_registration,206,92,0.022041989053033038,0.021372080245999635,0.2180195585342416,85.17126704088447,0.4754229967161246,1,0.0723706581240465,1
real_20260706_163705_mir_charger_cluster025_refined_from_identity_medium,real_previous_registration,207,193,0.1707647067583131,0.005754781914345808,0.964055419279902,205.63568283067409,3.00111718170612,0,0.21770070339755335,0
real_20260706_163705_mir_charger_cluster025_refined_from_identity_medium,real_previous_registration,208,158,0.10394699285474397,0.02768516427945038,0.4933080641986553,138.81827451144295,1.0350377805719166,0,0.1267454853621934,0
real_20260706_163705_mir_charger_cluster025_refined_from_identity_medium,real_previous_registration,209,103,0.03687353157859771,0.026996140980499,0.24047332941767466,72.81200044672404,-0.12757229186040314,0,0.09479249991594507,1
real_20260706_163705_mir_charger_cluster025_refined_from_identity_medium,real_previous_registration,210,81,0.0404111076974937,0.02649918001397958,0.32777953766580653,56.15805205519644,-0.4290321055238091,1,0.04449230294962176,1
real_20260706_163705_mir_charger_cluster025_refined_from_identity_medium,real_previous_registration,211,86,0.036298293638276614,0.016929013358378212,0.9881685763615812,56.706841036655995,0.42582634168874073,0,0.07236290685217282,1
real_20260706_163705_mir_charger_cluster025_refined_from_identity_medium,real_previous_registration,212,47,0.06807797534123293,0.026716195943706993,0.8913224811136846,101.55783011483373,0.0054200591360186135,0,0.06060952854842039,1
real_20260706_163705_mir_charger_cluster025_refined_from_identity_medium,real_previous_registration,213,206,0.04825295946781979,0.033877408445634784,0.3525769465025176,66.93283225636047,-0.2612083607966421,0,0.03186090542440892,1
real_20260706_163705_mir_charger_cluster025_refined_from_identity_medium,real_previous_registration,214,175,0.02122191361111893,0.017280851497163536,0.9578735820997047,82.72844815347023,0.1984366985552923,1,0.06860723308154992,1
real_20260706_163705_mir_charger_cluster025_refined_from_identity_medium,real_previous_registration,215,158,0.08914227197420348,0.044436882208660385,0.48813927424864834,127.33425143561703,1.0350377805719166,0,0.10369186518322493,0
real_20260706_163705_mir_charger_cluster025_refined_from_identity_medium,real_previous_registration,216,59,0.06408798822091377,0.020298113218117957,0.8454735147401612,83.16381489487547,0.08765805480419596,0,0.0468705418083762,1
real_20260706_163705_mir_charger_cluster025_refined_from_identity_medium,real_previous_registration,217,193,0.10312002429853787,0.037944234440683566,0.9720578714702525,184.86055108316518,3.588903028831632,0,0.154143345075345,0
real_20260706_163705_mir_charger_cluster025_refined_from_identity_medium,real_previous_registration,218,136,0.03903863387245019,0.012737846384472819,0.5060864976672712,112.70957469680842,0.45600508974244003,0,0.09343464781300823,1
real_20260706_163705_mir_charger_cluster025_refined_from_identity_medium,real_previous_registration,219,136,0.060088855301443825,0.02764445715683713,0.5418592762203678,105.22479555944504,0.7138339940536162,0,0.07601120852569701,1
real_20260706_163705_mir_charger_cluster025_refined_from_identity_medium,real_previous_registration,220,215,0.03830994875837547,0.03751284186641448,0.9857976093829776,45.4791766462511,-0.2443914613682977,1,0.06838383175305729,1
real_20260706_163705_mir_charger_cluster025_refined_from_identity_medium,real_previous_registration,221,201,0.034271084543906476,0.017117196562291558,0.8785180148353512,94.30965074945873,0.3672098204999847,0,0.055027136191676214,1
real_20260706_163705_mir_charger_cluster025_refined_from_identity_medium,real_previous_registration,222,202,0.011429685072957057,0.010811795427309354,0.9848272716711894,92.51326824308393,-0.008631678526905434,1,0.06300878074495556,1
real_20260706_163705_mir_charger_cluster025_refined_from_identity_medium,real_previous_registration,223,66,0.03684007490720468,0.012216931997936692,0.9561483738730819,34.16498831797515,-0.25476456032811434,0,0.08737306619704145,1
real_20260706_163705_mir_charger_cluster025_refined_from_identity_medium,real_previous_registration,224,59,0.03507536277385254,0.002306057941723536,0.28990758436512154,75.17507720575077,-0.08419197514907958,0,0.06853527585847896,1
real_20260706_163705_mir_charger_cluster025_refined_from_identity_medium,real_previous_registration,225,159,0.04786247787832633,0.04413555393184318,0.733655021632452,106.53204818729708,0.45344420352364107,0,0.09295604243948989,1
real_20260706_163705_mir_charger_cluster025_refined_from_identity_medium,real_previous_registration,226,158,0.10998862988475984,0.050236537059234365,0.5233787142201793,126.0219554702617,0.6695784212426429,0,0.14693194616091948,0
real_20260706_163705_mir_charger_cluster025_refined_from_identity_medium,real_previous_registration,227,193,0.07324098059538736,0.04582458199706141,0.9676149207541327,194.29495020015403,3.2479768571383056,0,0.10686732090377772,0
real_20260706_163705_mir_charger_cluster025_refined_from_identity_medium,real_previous_registration,228,193,0.1766761651738397,0.02620651373831695,0.9608539459568234,214.31878724230762,2.873284061104833,0,0.22451918398796922,0
real_20260706_163705_mir_charger_cluster025_refined_from_identity_medium,real_previous_registration,229,123,0.07937879922220716,0.0016562111967522233,0.4690748738677609,118.58118202320915,0.8067793693023506,0,0.10587738245797328,0
real_20260706_163705_mir_charger_cluster025_refined_from_identity_medium,real_previous_registration,230,217,0.03570299328414854,0.01448087488217696,0.9471089732338468,44.88462116858701,0.07651591742971049,0,0.09427553447298444,1
real_20260706_163705_mir_charger_cluster025_refined_from_identity_medium,real_previous_registration,231,176,0.026139917747717734,0.015449041771018017,0.9752663843700434,104.74907204484714,0.1587539322081206,1,0.04012407436948091,1
real_20260706_163705_mir_charger_cluster025_refined_from_identity_medium,real_previous_registration,232,220,0.03800501206885147,0.013264244518889658,0.902892278272483,76.54524583512271,0.08900670278425789,0,0.03962356631684365,1
real_20260706_163705_mir_charger_cluster025_refined_from_identity_medium,real_previous_registration,233,58,0.020135239669742074,0.007996127511928575,0.9715468370509097,106.42465294302836,-0.03540189371761407,1,0.07248515907825205,1
real_20260706_163705_mir_charger_cluster025_refined_from_identity_medium,real_previous_registration,234,105,0.04629933953899651,0.03158660239812147,0.8073508152920601,62.21139175279821,0.45344420352364107,0,0.05006553318230556,1
real_20260706_163705_mir_charger_cluster025_refined_from_identity_medium,real_previous_registration,235,136,0.03474260828547478,0.02723460762496637,0.7652390958039126,90.96338374088108,0.5315125766534943,0,0.04247565592851831,1
real_20260706_163705_mir_charger_cluster025_refined_from_identity_medium,real_previous_registration,236,173,0.010339969343199555,0.004192672423524955,0.7068523447464199,78.28186970249835,0.32460039674845603,1,0.07512515819000261,1
real_20260706_163705_mir_charger_cluster025_refined_from_identity_medium,real_previous_registration,237,148,0.020461748052513027,0.0006534712767496675,0.4776436936584604,52.86081383671544,-0.3047346411376903,1,0.07235827955717504,1
real_20260706_163705_mir_charger_cluster025_refined_from_identity_medium,real_previous_registration,238,86,0.027373248045234982,0.014113813164012352,0.7943010075408169,63.45015420643058,0.5226760957100027,1,0.07764600430395938,1
real_20260706_163705_mir_charger_cluster025_refined_from_identity_medium,real_previous_registration,239,209,0.03674488331475839,0.012990254456123486,0.9738805186253882,59.83762207523682,0.6115551657374628,0,0.08001248231692439,1
real_20260706_163705_mir_charger_cluster025_refined_from_identity_medium,real_previous_registration,240,164,0.03566260618353524,0.032318726076979956,0.196315090498766,99.83598106502478,-0.2177233363039874,0,0.09946068832559013,1
real_20260706_163705_mir_charger_cluster025_refined_from_identity_medium,real_previous_registration,241,18,0.03172705982448096,0.02496957361261097,0.7097358056582715,76.63007352698743,0.13509771094443174,1,0.07192051307544298,1
real_20260706_163705_mir_charger_cluster025_refined_from_identity_medium,real_previous_registration,242,193,0.05984041103132649,0.012045718163127772,0.9630794160593511,185.8471710741434,3.445802342455743,0,0.10526398724693231,0
real_20260706_163705_mir_charger_cluster025_refined_from_identity_medium,real_previous_registration,243,193,0.11918204975560401,0.009774486551452577,0.9619478741036064,201.90207037494937,3.2787484722445153,0,0.1674553358126937,0
real_20260706_163705_mir_charger_cluster025_refined_from_identity_medium,real_previous_registration,244,193,0.13408687595538835,0.04611328258500308,0.9641606141081456,222.1911595283829,2.9177357327667623,0,0.17990093359013284,0
real_20260706_163705_mir_charger_cluster025_refined_from_identity_medium,real_previous_registration,245,123,0.10050927065333509,0.03421783159192542,0.44197122017839907,139.50470156216872,0.7808039139381893,0,0.1175978101744088,0
real_20260706_163705_mir_charger_cluster025_refined_from_identity_medium,real_previous_registration,246,201,0.027866757283875755,0.0037320935142884505,0.8785180148353359,97.55942339171568,0.1791577249575376,0,0.058257230756495436,1
real_20260706_163705_mir_charger_cluster025_refined_from_identity_medium,real_previous_registration,247,193,0.033993485367290556,0.031436216345013035,0.9617069414046312,218.80941293448103,3.0403378240902987,1,0.06885778210317423,1
real_20260706_163705_mir_charger_cluster025_refined_from_identity_medium,real_previous_registration,248,21,0.05144521775258566,0.02979869841270474,0.8325530523757304,53.350051382534446,0.27871308104082204,0,0.03301591242967979,1
real_20260706_163705_mir_charger_cluster025_refined_from_identity_medium,real_previous_registration,249,107,0.032134576346603244,0.029012705119915116,0.9550564898434866,114.5996166563402,-0.14173742860009483,0,0.08920759600379448,1
real_20260706_163705_mir_charger_cluster025_refined_from_identity_medium,real_previous_registration,250,44,0.03683256734642218,0.03577375723348036,0.923538195449614,63.20768314275412,-0.08114787255481164,1,0.026109392772663987,1
real_20260706_163705_mir_charger_cluster025_refined_from_identity_medium,real_previous_registration,251,123,0.08612289987587701,0.045051169690885975,0.44197122017840806,134.17023664950554,0.7541356995729153,0,0.09698909843392924,1
real_20260706_163705_mir_charger_cluster025_refined_from_identity_medium,real_previous_registration,252,144,0.02569456864751711,0.0155310646807534,0.8395675205859808,45.50551329654095,0.046969018937588744,1,0.06119616941160125,1
real_20260706_163705_mir_charger_cluster025_refined_from_identity_medium,real_previous_registration,253,177,0.05082632375893414,0.04053703536365505,0.7355742717331627,83.4534650157941,0.13591641391014034,0,0.10380740875989782,0
real_20260706_163705_mir_charger_cluster025_refined_from_identity_medium,real_previous_registration,254,181,0.03691053157680951,0.012490552096647772,0.5753403946850242,93.03926079581755,0.019948150208625035,1,0.09634165095210878,1
real_20260706_163705_mir_charger_cluster025_refined_from_identity_medium,real_previous_registration,255,47,0.04374076879924343,0.017183724989398415,0.6745027928197684,84.80058146148245,0.2931017482549804,0,0.08612456800781809,1
real_20260706_163705_mir_charger_cluster025_refined_from_identity_medium,real_previous_registration,256,20,0.03330840966559217,0.01563357595995766,0.8710150620278331,50.78377295579436,0.7150957624130928,0,0.0869672631538512,1
real_20260706_163705_mir_charger_cluster025_refined_from_identity_medium,real_previous_registration,257,123,0.07877450792700487,0.03130319022982812,0.43118192828541524,131.9953709687636,0.94988005567824,0,0.10588914195628323,0
real_20260706_163705_mir_charger_cluster025_refined_from_identity_medium,real_previous_registration,258,123,0.09220745811452943,0.016159619041123906,0.45180094368934476,129.26201211313665,1.113509325162494,0,0.1301548277905334,0
real_20260706_163705_mir_charger_cluster025_refined_from_identity_medium,real_previous_registration,259,67,0.027576343300862872,0.024450325866899384,0.9620463058879901,47.93793011919761,0.19917008967966052,1,0.04660902951216514,1
real_20260706_163705_mir_charger_cluster025_refined_from_identity_medium,real_previous_registration,260,197,0.026475262199101665,0.003816625284381204,0.469881246672782,43.25999596720811,-0.18914999974544083,1,0.04781358175176175,1
real_20260706_163705_mir_charger_cluster025_refined_from_identity_medium,real_previous_registration,261,197,0.03452862722049808,0.02058620215351505,0.3432445946759212,47.25615561282935,-0.426478012510487,0,0.10020164924740899,0
real_20260706_163705_mir_charger_cluster025_refined_from_identity_medium,real_previous_registration,262,106,0.035794991683601424,0.013383818133172323,0.7786675285021134,38.97502302018844,-0.012929060256105672,0,0.05560942885586001,1
real_20260706_163705_mir_charger_cluster025_refined_from_identity_medium,real_previous_registration,263,4,0.026964764892934014,0.006718332104800069,0.895468177627165,91.58640797479902,0.47542295987413297,1,0.07444570377747914,1
real_20260706_163705_mir_charger_cluster025_refined_from_identity_medium,real_previous_registration,264,121,0.028470175181324515,0.017742759079935777,0.8220520959442976,89.6044841860834,-0.19473378063091873,1,0.08285972939996918,1
real_20260706_163705_mir_charger_cluster025_refined_from_identity_medium,real_previous_registration,265,201,0.03708770313602713,0.021784685885288837,0.748701511971358,78.9320409213799,0.3083693603038641,0,0.08797877999272327,1
real_20260706_163705_mir_charger_cluster025_refined_from_identity_medium,real_previous_registration,266,121,0.037607953362195364,0.030089337379676118,0.6316631181787056,106.41777211522066,-0.17226094801115938,0,0.02384559865896794,1
real_20260706_163705_mir_charger_cluster025_refined_from_identity_medium,real_previous_registration,267,193,0.05490202053855064,0.044973016814279176,0.9702785494506622,217.1550593731131,3.149536933031725,0,0.10157837067430983,0
real_20260706_163705_mir_charger_cluster025_refined_from_identity_medium,real_previous_registration,268,72,0.030398213622098675,0.019183531797537803,0.9632802024786569,88.3028083036958,0.04890513035475364,1,0.07703852593877927,1
real_20260706_163705_mir_charger_cluster025_refined_from_identity_medium,real_previous_registration,269,123,0.06121480120042433,0.026656722363714767,0.6186149082608265,77.93489008376284,0.8567897323411182,0,0.08957963809801381,1
real_20260706_163705_mir_charger_cluster025_refined_from_identity_medium,real_previous_registration,270,200,0.053767593452453605,0.026340721147365805,0.5524269594882811,68.69163444795538,0.7342844558318141,0,0.08285159918559033,1
real_20260706_163705_mir_charger_cluster025_refined_from_identity_medium,real_previous_registration,271,49,0.03487082734763112,0.007671392812685777,0.9603009200044582,46.4175995435445,0.5755063031430278,1,0.09567245466502741,1
real_20260706_163705_mir_charger_cluster025_refined_from_identity_medium,real_previous_registration,272,171,0.04540862106257085,0.0220557048213375,0.7966002401550143,33.143211989874544,-0.06819166564462012,0,0.07675306430287655,1
real_20260706_163705_mir_charger_cluster025_refined_from_identity_medium,real_previous_registration,273,136,0.04873353080867149,0.030868014322848386,0.7726535071379983,87.82961421319682,0.5131634534735002,0,0.08368887696600352,1
real_20260706_163705_mir_charger_cluster025_refined_from_identity_medium,real_previous_registration,274,27,0.028950398878018938,0.02488624075133307,0.6514248410759501,65.6036982541002,-0.06053785119290426,1,0.04035138373657373,1
real_20260706_163705_mir_charger_cluster025_refined_from_identity_medium,real_previous_registration,275,193,0.12541646353256264,0.033343110003830945,0.9635815988809506,218.60343829661727,3.1834384318339257,0,0.17430561635633687,0
real_20260706_163705_mir_charger_cluster025_refined_from_identity_medium,real_previous_registration,276,158,0.07353350528019925,0.004992192858852353,0.5579720674491984,127.87248489577321,1.055240469113943,0,0.10916632175724017,0
real_20260706_163705_mir_charger_cluster025_refined_from_identity_medium,real_previous_registration,277,29,0.00880669195367441,0.0034179615733980536,0.08459313989911454,95.52536117803454,-0.09256022128317613,1,0.05081775350958715,1
real_20260706_163705_mir_charger_cluster025_refined_from_identity_medium,real_previous_registration,278,117,0.037213005656790483,0.034392386808217205,0.985514212263172,63.35954785417,0.005420061913789324,1,0.042688831110687324,1
real_20260706_163705_mir_charger_cluster025_refined_from_identity_medium,real_previous_registration,279,187,0.0239298597224837,0.013663003691218038,0.5122080541781325,42.09663992434925,-0.739912179094773,1,0.09074538912663782,1
real_20260706_163705_mir_charger_cluster025_refined_from_identity_medium,real_previous_registration,280,107,0.01521006563943175,0.006415461374703536,0.8783962973229564,119.91621840760497,0.07651591742971049,1,0.0658465747347286,1
real_20260706_163705_mir_charger_cluster025_refined_from_identity_medium,real_previous_registration,281,193,0.12791624188701312,0.0004939648810480812,0.9668547677599225,176.02462675174777,3.5434407023000447,0,0.1767053591317542,0
real_20260706_163705_mir_charger_cluster025_refined_from_identity_medium,real_previous_registration,282,178,0.04151706990056087,0.024703686342862838,0.9789248127706942,60.55662147603696,0.07854223592353073,0,0.04817863307775989,1
real_20260706_163705_mir_charger_cluster025_refined_from_identity_medium,real_previous_registration,283,100,0.027702364176989604,0.018905483967849496,0.7467593254203949,52.379856172097625,0.2607665662565604,1,0.09876911586305137,1
real_20260706_163705_mir_charger_cluster025_refined_from_identity_medium,real_previous_registration,284,88,0.06281321968944438,0.056935592897046125,0.9677258349567532,56.65026162685077,-0.2177232191393114,0,0.015259219867651318,1
real_20260706_163705_mir_charger_cluster025_refined_from_identity_medium,real_previous_registration,285,123,0.0761703925538907,0.017750574596706422,0.5043584948607649,118.70530073213628,0.9274072230584804,0,0.11909354834489244,0
real_20260706_163705_mir_charger_cluster025_refined_from_identity_medium,real_previous_registration,286,193,0.07287263057518721,0.05789851773790078,0.9663590047686503,222.20431557315277,2.873284061104833,0,0.11118246744642149,0
real_20260706_163705_mir_charger_cluster025_refined_from_identity_medium,real_previous_registration,287,163,0.027386593979485896,0.004145873089063747,0.1356829813706436,70.0169988514076,0.20609057151752724,0,0.05737724368705188,1
real_20260706_163705_mir_charger_cluster025_refined_from_identity_medium,real_previous_registration,288,142,0.017262144532675782,0.006288912109597149,0.7876900827399836,55.88068044777971,-0.2738127386079673,1,0.08568206178088822,1
real_20260706_163705_mir_charger_cluster025_refined_from_identity_medium,real_previous_registration,289,124,0.023055350892216712,0.015366180311321646,0.2898639457759891,77.18609915619837,0.2390345046164773,1,0.06536103041510742,1
real_20260706_163705_mir_charger_cluster025_refined_from_identity_medium,real_previous_registration,290,158,0.049967601616830684,0.010868605523126167,0.6375927275182959,115.11033335818716,1.113509325162494,0,0.08027474275754438,1
real_20260706_163705_mir_charger_cluster025_refined_from_identity_medium,real_previous_registration,291,123,0.09819589243941006,0.01801258059059533,0.43526286230084443,139.990470038079,0.9274072230584804,0,0.12966883179496333,0
real_20260706_163705_mir_charger_cluster025_refined_from_identity_medium,real_previous_registration,292,85,0.0382689332331417,0.03132425678034305,0.5624441259204349,78.08384128855876,-0.4465645828976046,1,0.0557791907279324,1
real_20260706_163705_mir_charger_cluster025_refined_from_identity_medium,real_previous_registration,293,200,0.08865336434901373,0.08754737446826143,0.3624602827341159,85.11183540752967,0.7165848931434292,0,0.14024472498538826,0
real_20260706_163705_mir_charger_cluster025_refined_from_identity_medium,real_previous_registration,294,10,0.03331799047111994,0.021390687629848942,0.837497214990129,55.80503263392453,0.4048055696349439,0,0.0780514165293861,1
real_20260706_163705_mir_charger_cluster025_refined_from_identity_medium,real_previous_registration,295,71,0.04687590993037685,0.01860008862962775,0.8783064988903502,63.720255705222584,-0.45695271690196687,0,0.05866066640603073,1
real_20260706_163705_mir_charger_cluster025_refined_from_identity_medium,real_previous_registration,296,208,0.025915623907457285,0.006254105801571456,0.959810639557045,53.24683405025571,-0.26028286909720283,1,0.04642013790314841,1
real_20260706_163705_mir_charger_cluster025_refined_from_identity_medium,real_previous_registration,297,138,0.015861922758091587,0.004245333064218643,0.9786101124810189,97.23599956585178,-0.21772331403368284,1,0.07216829966360339,1
real_20260706_163705_mir_charger_cluster025_refined_from_identity_medium,real_previous_registration,298,203,0.0649630772078482,0.02313998888397862,0.9141854441623087,74.11716025870778,0.3884119227561586,0,0.0332075284220773,1
real_20260706_163705_mir_charger_cluster025_refined_from_identity_medium,real_previous_registration,299,123,0.04598815139362906,0.038849002424595866,0.6338871840833002,86.63049062946807,1.0350377805719166,1,0.0960619555432964,1
real_20260706_163705_mir_charger_cluster025_refined_from_identity_medium,real_previous_registration,300,139,0.035778228855534375,0.034416186841877736,0.27253877735832976,55.60079271200123,-0.2177233363039874,0,0.047207217436745184,1
real_20260706_163705_mir_charger_cluster025_refined_from_identity_medium,real_previous_registration,301,158,0.1523135618895893,0.11028072261065072,0.5336705970423753,158.16223615792063,0.5444154586805335,0,0.17014544943882465,0
real_20260706_163705_mir_charger_cluster025_refined_from_identity_medium,real_previous_registration,302,144,0.054727370592200904,0.00133612920389674,0.8579949619105155,47.64832254332216,0.02343854699802027,0,0.03330245955755712,1
real_20260706_163705_mir_charger_cluster025_refined_from_identity_medium,real_previous_registration,303,200,0.02289501146648098,0.018968634053431147,0.7709880872124679,47.468962451434365,0.4289030945009097,1,0.034680930261330845,1
real_20260706_163705_mir_charger_cluster025_refined_from_identity_medium,real_previous_registration,304,171,0.04083642289523686,0.026638225523959044,0.8559310195853542,103.3754872985535,-0.04079272599099668,0,0.09058848607041056,1
real_20260706_163705_mir_charger_cluster025_refined_from_identity_medium,real_previous_registration,305,113,0.04007202638837662,0.0021268260064063564,0.5802397492110626,42.93026231956633,0.687984170055148,1,0.07208576417088337,1
real_20260706_163705_mir_charger_cluster025_refined_from_identity_medium,real_previous_registration,306,113,0.06338463554757313,0.02533006665313293,0.21095865678601286,64.88732775067483,0.7498595150498867,0,0.09337911194663301,1
real_20260706_163705_mir_charger_cluster025_refined_from_identity_medium,real_previous_registration,307,101,0.027312160462257856,0.02408177621847052,0.9611716694406239,92.62443514982775,-0.04782441348468181,0,0.06335931231321255,1
real_20260706_163705_mir_charger_cluster025_refined_from_identity_medium,real_previous_registration,308,137,0.032705520348555846,0.012836684287481684,0.6124306566710801,89.56872545648315,-0.03540190280850825,0,0.0772107957695736,1
real_20260706_163705_mir_charger_cluster025_refined_from_identity_medium,real_previous_registration,309,58,0.05751494845331293,0.04104693807328644,0.6877723060853922,100.05053036018079,0.06368891851789431,0,0.06723720689415028,1
real_20260706_163705_mir_charger_cluster025_refined_from_identity_medium,real_previous_registration,310,107,0.056048956793988094,0.020286388177901495,0.9933007068447111,103.08550006084597,-0.026668220766397792,0,0.09618469403528201,1
real_20260706_163705_mir_charger_cluster025_refined_from_identity_medium,real_previous_registration,311,80,0.0501250306288944,0.013627524580967668,0.9155464084036711,45.067335136658215,-0.5386306861724341,0,0.043949983459282686,1
real_20260706_163705_mir_charger_cluster025_refined_from_identity_medium,real_previous_registration,312,80,0.03343016896598547,0.021968228603819168,0.6708366947308558,48.67533111808453,-0.46066923794585407,1,0.06363266438435643,1
real_20260706_163705_mir_charger_cluster025_refined_from_identity_medium,real_previous_registration,313,90,0.042764077774476605,0.016400115548364076,0.7659099968886239,42.12268393551815,-0.3032454424119916,0,0.07740369074638558,1
real_20260706_163705_mir_charger_cluster025_refined_from_identity_medium,real_previous_registration,314,203,0.05209037434295645,0.016317620786041404,0.9433553102309782,42.59761519330671,0.23122648159338519,0,0.05583284072945613,1
real_20260706_163705_mir_charger_cluster025_refined_from_identity_medium,real_previous_registration,315,19,0.04435429598537676,0.02515754050822892,0.9121448827380048,112.49793139861453,-0.1689331494375153,0,0.08147461167826829,1
real_20260706_163705_mir_charger_cluster025_refined_from_identity_medium,real_previous_registration,316,123,0.04853807453093438,0.0033392752391551922,0.4731501352118006,118.69436971028315,1.0350377805719166,0,0.09201822796251007,1
real_20260706_163705_mir_charger_cluster025_refined_from_identity_medium,real_previous_registration,317,202,0.03908647642259599,0.0376093341546268,0.9866582609613946,87.0439177700902,0.24058392164328718,0,0.05642142630633839,1
real_20260706_163705_mir_charger_cluster025_refined_from_identity_medium,real_previous_registration,318,1,0.012386521575511036,0.011220418128640258,0.5768490042598755,44.91475438022222,-0.2177232338451588,1,0.0868389302688755,1
